,PC1,PC2,PC3
uhh,0.32978023427183223,-0.15276010246554114,-0.17381948816327777
hls,0.3238088100694624,0.42227055579145406,0.12415848546447779
rls,0.36725675761277965,0.32181335451000154,0.1891774414676826
pengeluaran,0.38594939450155474,-0.039201106721573335,0.07498019138572298
miskin_p0,-0.3762641469436302,0.4658726496733276,-0.10753348076808353
kedalaman_p1,-0.34243204033498675,0.5466888497712266,-0.13512723671564347
tpt,0.24650172165893708,0.3056563186015807,0.5799002929159106
sanitasi,0.3320337068371519,0.06510091496495098,-0.4790875373260372
air_minum,0.2696562602585115,0.28227899051991195,-0.5633198778915345
varian_dijelaskan,0.5225189480837502,0.13044364780546094,0.09653849939936662
