kode_wilayah,nama_wilayah,provinsi,pulau,uhh,hls,rls,pengeluaran,miskin_p0,kedalaman_p1,tpt,sanitasi,air_minum,ipm,penduduk,pc1,pc2,pc3,klaster,ada_geometri,lengkap_pca
11.01,Aceh Selatan,Aceh,Sumatera,64.97,14.71,8.92,9190,12.02,1.57,4.56,77.96,85.87,69.1,241994,-0.5873912382048332,0.9515727231162777,0.6671995785737957,2.0,True,True
11.02,Aceh Tenggara,Aceh,Sumatera,68.78,14.47,10.1,8876,11.99,1.64,4.79,64.01,91.4,71.7,234430,-0.20050080640830192,1.08085589961491,0.8119307754606526,2.0,True,True
11.03,Aceh Timur,Aceh,Sumatera,69.18,13.08,8.48,9889,13.26,2.04,7.75,73.59,84.43,69.87,443638,-0.5258015518376137,0.8515167245936263,1.3311972948579003,2.0,True,True
11.04,Aceh Tengah,Aceh,Sumatera,69.3,15.03,10.03,11805,14.27,2.12,4.21,86.34,88.27,75.41,226744,0.4465186617605587,1.4885050717844588,0.12940541030134653,2.0,True,True
11.05,Aceh Barat,Aceh,Sumatera,68.48,14.93,9.99,10548,17.6,3.02,5.58,91.09,96.52,73.69,206822,0.21825634480949635,2.4652908466253605,-0.09932962728013024,2.0,True,True
11.06,Aceh Besar,Aceh,Sumatera,70.29,14.77,10.37,10810,13.21,1.88,7.93,90.3,90.68,75.13,428254,1.1463498155768725,1.9250259136555987,1.0052923463377061,4.0,True,True
11.07,Pidie,Aceh,Sumatera,67.41,14.52,9.04,11187,18.59,2.14,5.74,63.88,87.57,72.31,452547,-0.7160734454058271,1.6434229432672285,1.1200163828533438,2.0,True,True
11.08,Aceh Utara,Aceh,Sumatera,69.28,14.75,9.11,9374,16.11,2.78,6.88,80.63,94.56,71.7,631984,-0.08079899035895362,2.142190188938325,0.5304090966897153,2.0,True,True
11.09,Simeulue,Aceh,Sumatera,65.73,14.53,9.89,8106,17.69,2.62,5.5,76.51,82.79,69.01,98633,-1.0386653698995707,1.966773489999142,0.9643973365312728,2.0,True,True
11.10,Aceh Singkil,Aceh,Sumatera,67.89,14.36,8.72,9862,19.06,3.06,6.44,63.22,79.6,70.75,135684,-1.2910403294246002,1.805775386647166,1.4979601906014726,2.0,True,True
11.11,Bireuen,Aceh,Sumatera,71.83,14.88,9.59,10150,12.1,1.69,3.93,88.26,90.06,74.45,459073,0.597553965024952,0.9220387972327195,-0.25372315097073517,3.0,True,True
11.12,Aceh Barat Daya,Aceh,Sumatera,65.65,13.69,8.78,9559,15.32,2.31,3.83,69.39,95.12,68.75,159187,-1.2274158069504753,1.1333364481902293,0.017053215373677322,2.0,True,True
11.13,Gayo Lues,Aceh,Sumatera,66.03,14.59,8.44,9967,18.3,2.76,2.4,49.79,80.93,69.83,106791,-2.1246110646044785,1.0955267243841442,0.7428279424981572,2.0,True,True
11.14,Aceh Jaya,Aceh,Sumatera,67.69,14.06,9.02,11007,12.25,1.39,2.75,82.31,87.15,71.83,99200,-0.28860098818377516,0.28348237808861404,-0.18765806749313868,2.0,True,True
11.15,Nagan Raya,Aceh,Sumatera,69.75,14.18,9.25,9523,16.94,2.3,5.22,87.32,90.75,71.72,176429,-0.2267105273161409,1.5182247908068827,-0.030487749900375966,2.0,True,True
11.16,Aceh Tamiang,Aceh,Sumatera,70.21,14.51,9.3,9529,12.17,1.47,6.95,85.93,89.02,72.32,309039,0.5665765066333642,1.1611240225240234,0.7886128315914688,3.0,True,True
11.17,Bener Meriah,Aceh,Sumatera,69.79,13.73,10.13,12360,18.18,3.07,2.2,88.05,84.98,75.01,172036,-0.46482806761748335,1.249447354505235,-0.6549793381519239,2.0,True,True
11.18,Pidie Jaya,Aceh,Sumatera,70.77,15.01,9.59,11274,18.28,3.14,3.82,80.82,94.54,75.16,166467,-0.06865232252274943,2.0153608476297915,-0.39820785580988693,2.0,True,True
11.71,Kota Banda Aceh,Aceh,Sumatera,72.17,17.94,13.1,18100,6.95,0.71,7.55,99.39,99.05,87.17,265019,4.896984599245899,2.472858689232478,1.2700685181623763,4.0,True,True
11.72,Kota Sabang,Aceh,Sumatera,71.17,14.97,11.22,12625,14.58,2.9,2.95,95.9,89.92,78.32,43470,0.8862908486200998,1.7951262289121042,-0.6127835747157796,4.0,True,True
11.73,Kota Lhokseumawe,Aceh,Sumatera,72.25,15.55,11.31,12694,10.44,1.98,8.47,93.71,97.41,79.55,200403,2.43582261662345,2.373843823752497,0.9484013364450171,4.0,True,True
11.74,Kota Langsa,Aceh,Sumatera,69.92,15.71,11.28,13133,10.33,1.52,7.34,94.3,98.06,78.81,197909,2.3232659465143484,2.1415952789009207,0.7602978488997054,4.0,True,True
11.75,Kota Subulussalam,Aceh,Sumatera,64.51,15.31,8.43,8491,16.38,2.11,5.12,61.57,57.25,68.04,99062,-1.94513895921035,1.0174299339068884,2.4553451464932428,2.0,True,True
12.01,Tapanuli Tengah,Sumatera Utara,Sumatera,68.18,13.5,8.92,11128,11.8,1.33,7.45,62.6,82.98,71.52,394910,-0.2396452583275633,0.558062106511055,1.915374627878344,3.0,True,True
12.02,Tapanuli Utara,Sumatera Utara,Sumatera,69.77,13.74,10.31,12382,8.21,1.27,1.21,89.78,92.91,75.23,326993,0.6690119165760436,-0.10112835996398173,-0.9891671204493276,3.0,True,True
12.03,Tapanuli Selatan,Sumatera Utara,Sumatera,65.74,13.72,9.56,12213,6.92,0.57,3.41,56.26,74.84,72.14,316486,-0.35419375689239135,-0.8138133907592309,1.6996476522562336,3.0,True,True
12.04,Nias,Sumatera Utara,Sumatera,70.52,13.31,6.4,7698,14.89,1.64,2.1,28.1,48.88,65.55,155629,-3.5130673416588123,-1.4589683912889515,2.1942541709064676,2.0,True,True
12.05,Langkat,Sumatera Utara,Sumatera,69.9,13.28,8.74,12080,9.04,1.18,6.08,89.95,92.49,72.73,1078676,0.7488661217586441,0.18254647357473783,0.235852051760877,3.0,True,True
12.06,Karo,Sumatera Utara,Sumatera,72.44,13.26,10.12,13278,7.37,0.81,2.4,89.5,96.61,76.55,426471,1.3312749924460647,-0.5114782905533405,-0.8871370155468181,3.0,True,True
12.07,Deli Serdang,Sumatera Utara,Sumatera,72.48,13.4,10.29,13279,3.44,0.41,8.02,97.88,96.37,76.92,2048480,2.7118301580575594,-0.0930494307490043,0.7403907694499327,4.0,True,True
12.08,Simalungun,Sumatera Utara,Sumatera,72.38,13.09,9.73,12119,7.72,0.75,5.17,94.97,99.09,74.97,1051845,1.5523236909019476,-0.1342722431856574,-0.41204351347626544,3.0,True,True
12.09,Asahan,Sumatera Utara,Sumatera,69.27,12.65,8.85,12301,8.12,1.15,5.94,94.74,94.6,72.09,813720,0.7643127514951692,-0.022962997017527898,-0.03327628715466775,3.0,True,True
12.10,Labuhan Batu,Sumatera Utara,Sumatera,70.99,13.26,9.5,12102,7.84,0.83,5.9,88.7,93.42,74.18,520545,1.2085911406648167,-0.030614253363547297,0.2862999840558519,3.0,True,True
12.11,Dairi,Sumatera Utara,Sumatera,70.27,13.53,9.89,11355,7.1,0.79,1.43,97.18,97.62,73.92,330586,0.9466301264847486,-0.47451316571681024,-1.3831637956351968,3.0,True,True
12.12,Toba Samosir / Toba,Sumatera Utara,Sumatera,71.42,13.6,10.77,12960,8.07,0.89,1.09,95.84,96.01,76.91,216720,1.3080448955998347,-0.3019680610742117,-1.3085156691911646,3.0,True,True
12.13,Mandailing Natal,Sumatera Utara,Sumatera,63.65,13.87,9.11,10644,8.69,1.11,7.22,40.14,84.72,69.33,505360,-0.8075884847105972,0.5105265024253619,2.7923548870073676,2.0,True,True
12.14,Nias Selatan,Sumatera Utara,Sumatera,69.8,12.92,6.52,7730,16.32,2.62,3.03,15.33,69.38,65.02,389957,-3.6905770444899035,-0.4937655146611029,1.8412172976700352,2.0,True,True
12.15,Pakpak Bharat,Sumatera Utara,Sumatera,67.24,13.91,9.73,9158,6.87,0.8,0.97,82.96,68.97,70.36,56212,-0.5365097639064977,-0.9794674460513656,0.27550120913152215,3.0,True,True
12.16,Humbang Hasundutan,Sumatera Utara,Sumatera,70.49,13.46,10.13,8844,8.44,0.78,0.92,97.92,97.73,71.59,207076,0.5400933365149296,-0.41362103569705694,-1.639614189267764,3.0,True,True
12.17,Samosir,Sumatera Utara,Sumatera,72.41,13.52,9.61,9634,11.63,0.98,0.89,95.68,80.38,72.88,143071,0.053987027140309715,-0.6428041604073089,-1.0378757857794298,3.0,True,True
12.18,Serdang Bedagai,Sumatera Utara,Sumatera,69.83,12.65,9.12,12015,6.97,1.11,4.88,94.74,98.43,72.47,691638,0.8670247040123024,-0.17432313133301752,-0.5002464675432821,3.0,True,True
12.19,Batu Bara,Sumatera Utara,Sumatera,68.11,13.12,8.51,11373,10.94,1.5,5.75,93.27,97.11,70.83,437360,0.2889924634539494,0.5356022594627191,-0.2084195650379622,3.0,True,True
12.20,Padang Lawas Utara,Sumatera Utara,Sumatera,67.99,13.54,9.82,10925,8.97,1.33,3.99,75.8,82.23,72.32,280595,-0.09382578703060443,0.06360806814513859,0.6813900823604538,3.0,True,True
12.21,Padang Lawas,Sumatera Utara,Sumatera,67.87,13.87,9.63,9821,7.87,1.12,5.47,73.63,89.96,71.27,280764,0.22602912731475494,0.36112218793824785,0.8838590238033424,3.0,True,True
12.22,Labuhan Batu Selatan,Sumatera Utara,Sumatera,69.73,13.53,9.19,12353,7.73,0.93,3.24,80.93,90.05,73.67,336577,0.5123752046218547,-0.4170555301863822,-0.09067961738128599,3.0,True,True
12.23,Labuhan Batu Utara,Sumatera Utara,Sumatera,70.47,13.58,9.14,12839,8.98,0.89,4.6,87.15,91.5,74.4,408749,0.9320898463160947,-0.11833487483190484,0.03212226556801994,3.0,True,True
12.24,Nias Utara,Sumatera Utara,Sumatera,70.44,13.37,7.05,7189,21.5,4.34,2.82,47.5,71.72,65.62,158676,-3.3717724599092906,0.7402571774105292,0.5871548199301884,2.0,True,True
12.25,Nias Barat,Sumatera Utara,Sumatera,70.2,12.99,7.26,6740,22.68,1.76,1.0,44.59,70.95,64.67,97251,-3.3638036896907955,-0.392925614998699,0.3322986748619749,2.0,True,True
12.71,Kota Medan,Sumatera Utara,Sumatera,74.16,14.79,11.79,16069,7.94,1.09,8.13,92.98,99.84,82.76,2486283,3.414663707093761,1.45866319537645,0.8848566383459119,4.0,True,True
12.72,Kota Pematang Siantar,Sumatera Utara,Sumatera,75.05,14.61,11.82,13349,7.2,1.26,8.0,91.99,99.74,81.17,277054,3.0241315062161758,1.421476831770891,0.7330863945738105,4.0,True,True
12.73,Kota Sibolga,Sumatera Utara,Sumatera,70.38,13.43,10.45,12713,11.39,1.7,6.52,36.9,96.86,75.66,91747,0.09572500145059555,0.9426416475523325,1.8527362290278577,3.0,False,True
12.74,Kota Tanjung Balai,Sumatera Utara,Sumatera,64.44,13.15,9.69,12264,11.97,1.6,4.08,96.82,91.27,71.1,185647,-0.009512776951161681,0.6854115302782642,-0.22684184309355485,2.0,True,True
12.75,Kota Binjai,Sumatera Utara,Sumatera,73.28,14.18,11.2,12015,4.75,0.69,5.44,96.23,98.88,78.1,307170,2.510455727234353,0.3027756389239104,-0.05981991299292123,4.0,True,True
12.76,Kota Tebing Tinggi,Sumatera Utara,Sumatera,71.78,13.13,10.87,13900,8.79,1.25,6.18,96.88,99.53,77.45,180977,1.9432488060738475,0.6847940960664337,-0.05610265861994888,4.0,False,True
12.77,Kota Padangsidimpuan,Sumatera Utara,Sumatera,70.43,14.62,11.13,11964,6.23,0.77,7.17,48.42,64.99,76.96,240067,0.7370164371048221,0.06458925888841617,3.504466576159559,4.0,True,True
12.78,Kota Gunungsitoli,Sumatera Utara,Sumatera,72.25,13.79,8.76,9056,14.72,1.99,3.3,55.54,80.17,71.41,145233,-1.1836589997498024,0.23433635040694428,0.6189515671384127,2.0,True,True
13.01,Pesisir Selatan,Sumatera Barat,Sumatera,71.59,13.37,8.81,10211,7.49,0.74,5.06,78.93,90.0,72.02,532913,0.5496110543901934,-0.4718682569853609,0.33790085100290246,3.0,True,True
13.02,Solok,Sumatera Barat,Sumatera,69.8,13.56,7.91,10988,7.31,1.09,4.91,62.56,81.84,71.02,410426,-0.3402048020190537,-0.5757607787418882,1.1025385995842514,3.0,True,True
13.03,Sijunjung,Sumatera Barat,Sumatera,67.32,12.76,8.62,11395,5.78,0.71,4.73,74.53,72.02,70.23,246775,-0.3111255242855854,-1.1504740221002707,1.3586510149349558,3.0,True,True
13.04,Tanah Datar,Sumatera Barat,Sumatera,70.96,15.05,9.29,11223,4.28,0.44,5.3,65.02,92.74,74.9,388228,1.3167583494250708,-0.194868830873379,1.0974315544999003,3.0,True,True
13.05,Padang Pariaman,Sumatera Barat,Sumatera,70.1,14.2,8.42,11756,6.27,0.78,6.59,63.73,91.77,73.1,459169,0.7174031213036365,-0.05645256880482429,1.3353743448391138,3.0,True,True
13.06,Agam,Sumatera Barat,Sumatera,73.47,14.16,9.23,10686,6.83,0.5,4.73,77.0,89.68,74.66,559299,1.1720422612482642,-0.5029556491764641,0.41333162697266784,3.0,True,True
13.07,Lima Puluh Kota,Sumatera Barat,Sumatera,70.46,13.42,8.13,10648,6.92,0.77,3.68,64.31,68.64,71.14,401086,-0.5551800585483356,-1.3173814003328008,1.2888544026110476,3.0,True,True
13.08,Pasaman,Sumatera Barat,Sumatera,68.61,13.52,8.14,9194,6.74,0.79,5.25,49.35,86.06,68.89,318080,-0.6457021387759635,-0.6018013524247675,1.5024885347577701,3.0,True,True
13.09,Kepulauan Mentawai,Sumatera Barat,Sumatera,65.27,12.91,8.03,7192,13.89,1.6,1.44,75.64,70.23,63.99,92757,-2.4105772198218935,-0.5441457541832472,0.09122244889298167,2.0,True,True
13.10,Dharmasraya,Sumatera Barat,Sumatera,72.6,12.89,8.98,12254,5.32,0.64,6.02,85.99,70.0,74.06,244026,0.8584544529459274,-1.1597809700830002,1.3268626426763102,3.0,True,True
13.11,Solok Selatan,Sumatera Barat,Sumatera,68.99,13.07,8.85,11240,6.56,0.94,2.3,56.71,79.09,71.5,195034,-0.7014943038810122,-1.1585311464360852,0.7593746100558304,3.0,True,True
13.12,Pasaman Barat,Sumatera Barat,Sumatera,68.81,13.72,8.99,9888,7.0,0.76,6.34,73.49,83.07,70.93,456467,0.2932474740647063,-0.17460563458053371,1.3843690962336044,3.0,True,True
13.71,Kota Padang,Sumatera Barat,Sumatera,74.42,16.57,11.63,15458,4.06,0.25,9.88,78.22,97.65,83.99,954177,4.281756419640258,1.2938681595536239,2.2942301675861456,4.0,True,True
13.72,Kota Solok,Sumatera Barat,Sumatera,74.73,14.37,11.37,12995,3.07,0.34,3.62,92.19,97.04,80.0,79459,2.7999535730450695,-0.42761338913381897,-0.3171576391799388,4.0,True,True
13.73,Kota Sawah Lunto,Sumatera Barat,Sumatera,70.92,13.86,10.53,11187,2.33,0.3,5.55,91.24,89.62,75.13,68725,1.9788417752412268,-0.53009166274535,0.6322229720639914,4.0,True,True
13.74,Kota Padang Panjang,Sumatera Barat,Sumatera,73.61,15.47,12.0,11840,5.31,0.46,4.94,79.57,98.2,80.17,59453,2.7137960053689194,0.5946332878447756,0.5537032023342778,4.0,False,True
13.75,Kota Bukittinggi,Sumatera Barat,Sumatera,75.42,15.28,11.65,14297,4.08,0.43,4.72,89.07,99.45,82.51,125015,3.3753645457594987,0.2600780330348651,0.08955685750881423,4.0,False,True
13.76,Kota Payakumbuh,Sumatera Barat,Sumatera,74.77,14.57,10.89,14260,5.19,0.74,4.87,87.93,99.44,80.61,146731,2.7190498187605328,0.22879903366324533,-0.04197553605876443,4.0,True,True
13.77,Kota Pariaman,Sumatera Barat,Sumatera,71.17,14.8,11.06,13784,4.26,0.46,5.32,85.99,95.62,78.88,98336,2.529270567396426,0.20844507262091264,0.6042966897534781,4.0,True,True
14.01,Kampar,Riau,Sumatera,71.56,13.61,9.58,12034,6.92,0.91,3.67,87.82,96.0,74.85,894848,1.1346784152255196,-0.22837261209073734,-0.4570457688860739,3.0,True,True
14.02,Indragiri Hulu,Riau,Sumatera,70.86,12.6,8.43,11333,6.02,0.61,2.55,86.09,77.63,71.48,468366,0.04799048988400523,-1.6391402090181428,-0.09338710120637847,3.0,True,True
14.03,Bengkalis,Riau,Sumatera,71.92,13.44,9.74,12321,6.36,0.72,5.88,92.63,95.72,75.28,591800,1.6912564946686213,-0.08001913289224231,0.11154431082978418,4.0,True,True
14.04,Indragiri Hilir,Riau,Sumatera,68.7,12.21,7.32,11050,5.66,0.84,1.86,60.86,94.83,68.38,684860,-0.8949325056152122,-1.5912686306540627,-0.42158389529468215,3.0,True,True
14.05,Pelalawan,Riau,Sumatera,72.13,12.91,8.96,12575,8.49,1.12,2.13,85.7,83.26,74.08,414943,0.2559456211105831,-0.926641752331335,-0.5160775565821344,3.0,True,True
14.06,Rokan Hulu,Riau,Sumatera,70.95,12.94,8.94,10586,9.62,0.96,2.73,90.64,93.45,71.82,593486,0.2587817314944241,-0.5201218559378454,-0.9154195742281888,3.0,True,True
14.07,Rokan Hilir,Riau,Sumatera,71.11,12.89,8.53,10447,7.01,0.85,4.31,80.76,86.82,71.2,673323,0.1953938483047855,-0.8147702571932939,0.13506745157164318,3.0,True,True
14.08,Siak,Riau,Sumatera,71.75,12.89,9.92,13080,5.08,0.56,4.53,93.32,91.79,75.45,483754,1.5840702490729603,-0.7430999499360089,-0.09598164718489881,3.0,True,True
14.09,Kuantan Singingi,Riau,Sumatera,69.44,13.38,9.14,11182,7.89,0.91,2.48,86.86,86.73,72.33,349251,0.22324301784765185,-0.6214821360780868,-0.38537025595947655,3.0,True,True
14.10,Kepulauan Meranti,Riau,Sumatera,68.48,12.87,8.12,8988,23.15,3.59,4.51,61.31,93.44,67.92,213720,-2.208046359432255,1.5802045602231012,-0.016440031503170728,2.0,True,True
14.71,Kota Pekanbaru,Riau,Sumatera,73.21,15.84,11.96,15212,3.15,0.34,4.63,96.46,99.65,82.89,1026671,3.7542810710481582,0.4786223426381638,0.10374795164275394,4.0,True,True
14.72,Kota Dumai,Riau,Sumatera,71.78,13.35,10.29,12847,3.14,0.2,4.66,97.98,94.82,76.19,333031,2.2530941018663286,-0.8619660580178757,-0.1315198809295649,4.0,True,True
15.01,Kerinci,Jambi,Sumatera,70.8,13.92,8.6,11441,6.93,1.0,2.51,66.37,76.34,73.11,256706,-0.21020204001123746,-0.9279362641506852,0.6112057791669695,3.0,True,True
15.02,Merangin,Jambi,Sumatera,71.95,12.26,8.4,11425,8.4,1.18,4.18,82.03,60.74,71.66,373409,-0.5297513664887754,-1.3996323269344906,1.0366486205111705,3.0,True,True
15.03,Sarolangun,Jambi,Sumatera,69.92,12.6,8.35,12679,8.36,1.09,5.03,82.34,76.41,72.01,306514,0.004433363199878779,-0.7929901119635071,0.7741385738761097,3.0,True,True
15.04,Batang Hari,Jambi,Sumatera,71.55,12.97,8.35,10872,8.63,1.34,4.49,85.37,84.8,71.67,316550,0.07603488580632473,-0.4423502702305843,0.01865955237492587,3.0,True,True
15.05,Muaro Jambi,Jambi,Sumatera,72.09,13.37,8.7,10007,3.65,0.48,5.27,87.11,78.46,71.91,424579,0.8350266581517228,-1.1695475607317098,0.7341004396653481,3.0,True,True
15.06,Tanjung Jabung Barat,Jambi,Sumatera,68.91,12.68,8.32,10696,9.54,1.17,3.2,78.32,93.84,69.93,335069,-0.39973802230091937,-0.49199161008811004,-0.4524742674660899,3.0,True,True
15.07,Tanjung Jabung Timur,Jambi,Sumatera,67.26,12.21,7.7,10328,10.14,2.32,2.06,74.72,87.12,67.54,238975,-1.6112007958114185,-0.47212204107866884,-0.5834178226153038,2.0,True,True
15.08,Bungo,Jambi,Sumatera,68.71,12.67,8.6,12820,5.06,0.4,4.67,86.16,81.93,71.92,381272,0.6296238616457793,-1.3131635020918062,0.5905443252561636,3.0,True,True
15.09,Tebo,Jambi,Sumatera,70.69,12.93,8.04,11415,6.12,0.73,2.5,85.89,80.71,71.32,355262,0.029600807153246665,-1.4441299992165297,-0.26528755541070925,3.0,True,True
15.71,Kota Jambi,Jambi,Sumatera,73.66,15.55,11.51,13388,7.73,0.96,7.38,96.72,96.06,81.04,635101,3.0903050019948797,1.4399950762799743,0.7344480890034616,4.0,True,True
15.72,Kota Sungai Penuh,Jambi,Sumatera,73.2,14.84,10.48,11499,2.92,0.33,4.3,80.56,89.5,77.4,100847,2.0601775743565938,-0.4855141669037535,0.5437284453729431,4.0,True,True
16.01,Ogan Komering Ulu,Sumatera Selatan,Sumatera,69.02,13.0,8.86,11339,10.68,1.0,4.05,82.72,82.55,71.55,383039,-0.12543095732722695,-0.40395808343210104,0.28770320585309805,3.0,True,True
16.02,Ogan Komering Ilir,Sumatera Selatan,Sumatera,69.48,11.98,7.19,12305,12.08,1.62,3.38,71.19,78.41,69.33,807085,-1.310089488717929,-0.9459128121185402,0.19711931655814072,3.0,True,True
16.03,Muara Enim,Sumatera Selatan,Sumatera,69.93,12.02,8.27,12291,9.79,2.14,4.09,87.77,91.18,71.0,640962,-0.3176162074504466,-0.197429579162842,-0.5468536078154475,3.0,True,True
16.04,Lahat,Sumatera Selatan,Sumatera,67.11,12.45,8.69,11255,14.14,2.13,3.11,73.17,84.86,69.77,450281,-1.3193211724807046,0.12169408896918203,0.01063514130946322,2.0,True,True
16.05,Musi Rawas,Sumatera Selatan,Sumatera,69.15,12.23,7.57,11058,13.44,1.87,1.94,74.49,91.39,68.95,411787,-1.349773998894105,-0.46967645393144924,-0.8993046705077345,2.0,True,True
16.06,Musi Banyuasin,Sumatera Selatan,Sumatera,69.72,12.33,7.95,11424,12.88,2.02,2.13,87.53,86.11,70.12,651950,-0.9561054123160544,-0.39582463217796465,-0.9638918006244873,3.0,True,True
16.07,Banyu Asin,Sumatera Selatan,Sumatera,69.96,12.34,7.48,11277,9.31,1.66,3.24,76.4,81.42,69.51,885902,-0.9484390034314606,-0.8752700053666511,-0.07231946877015606,3.0,True,True
16.08,Ogan Komering Ulu Timur,Sumatera Selatan,Sumatera,70.0,12.49,8.08,12623,9.75,0.72,3.45,91.52,96.19,71.55,674184,0.3891245947293456,-0.8162721410763807,-0.8536908678992937,3.0,True,True
16.09,Ogan Komering Ulu Selatan,Sumatera Selatan,Sumatera,68.25,11.82,8.25,9680,9.86,1.68,1.8,67.47,82.6,67.65,429535,-1.6696815388167823,-0.984988913636825,-0.21892835863585225,2.0,True,True
16.10,Ogan Ilir,Sumatera Selatan,Sumatera,66.54,12.42,8.09,12093,12.3,1.49,2.65,75.67,73.69,69.4,436141,-1.3703550326217844,-0.7218757556900829,0.3655353155445384,2.0,True,True
16.11,Empat Lawang,Sumatera Selatan,Sumatera,65.87,12.11,7.68,10889,10.78,1.51,2.84,70.01,69.33,67.25,345641,-1.8872153492431134,-1.0496164965768637,0.7234777240323007,2.0,True,True
16.12,Penukal Abab Lematang Ilir,Sumatera Selatan,Sumatera,69.17,12.5,7.27,9604,9.82,0.62,3.72,95.84,94.09,67.48,205384,-0.17931717108370507,-0.9576996433414607,-0.9267505848996557,3.0,True,True
16.13,Musi Rawas Utara,Sumatera Selatan,Sumatera,66.56,11.9,7.51,11198,17.38,3.07,4.91,75.31,88.41,67.4,198413,-1.8434773611772726,0.6367310026858721,0.027121941433231503,2.0,True,True
16.71,Kota Palembang,Sumatera Selatan,Sumatera,72.35,14.46,10.93,16150,9.77,1.66,6.98,94.29,95.0,80.57,1718440,2.4447141024758277,1.3909977167214986,0.5661340312552452,4.0,True,True
16.72,Kota Pagar Alam,Sumatera Selatan,Sumatera,67.98,13.5,9.44,10245,8.18,1.0,2.34,63.63,89.81,71.19,149199,-0.4263459077189848,-0.40821862042894186,0.20146599057056203,3.0,True,True
16.73,Kota Lubuklinggau,Sumatera Selatan,Sumatera,70.59,13.69,9.94,14672,11.14,1.43,5.29,87.48,97.18,76.82,246046,1.3149154530218694,0.7540889473752449,0.02031543236593842,4.0,True,True
16.74,Kota Prabumulih,Sumatera Selatan,Sumatera,71.59,13.41,10.36,13982,10.13,1.47,4.94,95.84,94.94,77.08,203312,1.4646675381050998,0.5893287171328097,-0.26891007425069147,4.0,True,True
17.01,Bengkulu Selatan,Bengkulu,Sumatera,68.53,13.66,9.42,11040,17.1,2.91,3.25,84.42,68.26,72.35,173315,-1.1588602171279783,0.81212938714118,0.46850014894742403,2.0,True,True
17.02,Rejang Lebong,Bengkulu,Sumatera,69.42,14.2,8.81,11385,14.65,1.99,2.43,71.81,55.6,72.92,288832,-1.309046871379325,-0.13845395298941743,1.2158422008225107,2.0,True,True
17.03,Bengkulu Utara,Bengkulu,Sumatera,68.99,12.92,8.32,11715,10.96,1.03,2.89,85.53,80.4,71.11,310125,-0.38899378422927655,-0.7300612023310441,-0.12113643878252159,3.0,True,True
17.04,Kaur,Bengkulu,Sumatera,67.51,13.15,8.47,9742,17.12,2.54,3.71,87.01,79.79,68.98,132659,-1.3673792370743423,0.7177871811897064,-0.0965577835852953,2.0,True,True
17.05,Seluma,Bengkulu,Sumatera,68.53,13.33,8.14,9474,17.23,2.43,2.38,88.75,70.46,68.97,217507,-1.6483381368598267,0.22695622552892553,-0.2114581335797545,2.0,True,True
17.06,Mukomuko,Bengkulu,Sumatera,67.57,12.87,8.57,11665,10.76,1.56,2.41,85.82,75.82,70.63,201700,-0.8113477143168112,-0.52928155012968,-0.04404735347539512,3.0,True,True
17.07,Lebong,Bengkulu,Sumatera,64.13,12.91,8.41,12362,10.45,1.3,2.55,59.38,57.41,69.27,111750,-1.8865183451481176,-1.048160164308804,1.8057779869377522,2.0,True,True
17.08,Kepahiang,Bengkulu,Sumatera,68.61,13.16,8.37,10620,12.9,2.13,2.37,69.81,61.2,70.27,156353,-1.742590815210399,-0.49727488825309135,0.8859564127874471,2.0,True,True
17.09,Bengkulu Tengah,Bengkulu,Sumatera,68.64,13.47,7.71,10672,10.14,1.18,2.56,83.17,50.44,69.84,122673,-1.2997410994838798,-1.3266407506499014,1.1290918447641163,3.0,True,True
17.71,Kota Bengkulu,Bengkulu,Sumatera,71.03,16.07,11.84,15542,13.76,2.39,5.0,96.15,92.21,82.04,397321,2.186286919189502,2.4123821539600887,0.2254723970723499,4.0,True,True
18.01,Lampung Selatan,Lampung,Sumatera,70.32,12.65,7.78,11133,12.57,1.94,4.84,96.4,95.52,70.28,1119314,-0.12958101112953188,0.2737482868266013,-0.8377066559161248,3.0,True,True
18.02,Lampung Tengah,Lampung,Sumatera,70.55,13.17,7.97,12595,10.37,1.66,3.33,82.55,84.59,72.37,1525088,-0.22738833208137796,-0.3514534059385789,-0.2336917800529966,3.0,True,True
18.03,Lampung Utara,Lampung,Sumatera,70.13,12.56,8.38,9837,16.92,2.3,5.85,77.74,69.31,69.62,659887,-1.345450590829346,0.345822790609436,1.103751379134205,2.0,True,True
18.04,Lampung Barat,Lampung,Sumatera,68.4,12.3,8.56,10965,10.68,1.51,2.09,84.4,64.37,69.84,315923,-1.2714235626434567,-1.0941947144906536,0.29218806404804726,3.0,True,True
18.05,Tulangbawang,Lampung,Sumatera,70.56,12.3,7.65,12122,7.88,0.82,3.23,86.97,88.55,70.66,450336,-0.000600541310028418,-1.2686131844158053,-0.5516576545798136,3.0,True,True
18.06,Tanggamus,Lampung,Sumatera,69.56,12.33,7.38,10524,10.28,1.42,3.19,70.82,68.48,68.52,670367,-1.4909960407774199,-1.238232081196228,0.6473616714305735,3.0,True,True
18.07,Lampung Timur,Lampung,Sumatera,71.53,12.98,8.2,11262,13.19,1.57,3.02,86.38,87.01,71.84,1153773,-0.35227497127409935,-0.22430068897487457,-0.6578933124277027,3.0,True,True
18.08,Way Kanan,Lampung,Sumatera,70.16,12.44,7.75,10439,10.43,1.57,3.27,81.38,71.4,69.31,497260,-1.0954219895761914,-0.944297129516264,0.23393833477229312,3.0,True,True
18.09,Pesawaran,Lampung,Sumatera,70.13,12.63,8.0,9190,11.86,1.7,4.36,87.85,89.8,68.52,500298,-0.6213112483644586,-0.043343490155539545,-0.45861769048552775,3.0,True,True
18.10,Pringsewu,Lampung,Sumatera,71.21,12.93,8.53,11543,8.32,0.92,4.39,86.7,93.33,72.29,424679,0.5347653990135036,-0.5044277388691736,-0.3061643572309363,3.0,True,True
18.11,Mesuji,Lampung,Sumatera,69.04,11.82,7.21,9454,6.31,0.83,2.85,83.31,81.81,66.46,241600,-0.9332125551177659,-1.743444011781299,-0.3345325535138857,3.0,True,True
18.12,Tulang Bawang Barat,Lampung,Sumatera,70.64,12.12,7.8,9646,7.22,0.87,4.12,80.85,63.16,68.46,298696,-0.8791152773243153,-1.7225052840363706,0.9449746023252156,3.0,True,True
18.13,Pesisir Barat,Lampung,Sumatera,64.69,12.16,8.73,9550,12.64,2.1,3.04,84.09,73.77,66.73,172316,-1.7881075521716585,-0.1632349513786701,0.2365519080610974,2.0,True,True
18.71,Kota Bandar Lampung,Lampung,Sumatera,72.24,14.73,10.99,13667,7.37,0.97,7.44,89.33,99.09,79.19,1214333,2.5871445420131414,1.138386950724617,0.7751915720165445,4.0,True,True
18.72,Kota Metro,Lampung,Sumatera,72.44,14.79,11.01,13092,6.78,0.77,3.71,99.68,96.25,78.93,175712,2.3385933865044284,0.3747105785460332,-0.5022093122642468,4.0,True,True
19.01,Bangka,Kepulauan Bangka Belitung,Sumatera,71.8,13.12,8.45,13205,4.24,0.62,4.91,96.23,77.35,73.98,342058,1.1387573882807787,-1.2308068857180126,0.4138042966432058,3.0,True,True
19.02,Belitung,Kepulauan Bangka Belitung,Sumatera,71.75,12.09,9.05,14449,6.11,0.96,3.88,94.17,83.36,74.47,191405,0.87690483586238,-1.1473701476445495,-0.18318596070160525,3.0,True,True
19.03,Bangka Selatan,Kepulauan Bangka Belitung,Sumatera,69.24,11.71,6.93,12718,3.74,0.27,4.94,91.14,78.3,68.86,208491,0.22693375677536748,-2.2435501982767567,0.40443822739677016,3.0,True,True
19.04,Bangka Tengah,Kepulauan Bangka Belitung,Sumatera,72.36,12.15,7.24,13677,5.94,0.66,4.23,94.91,88.25,71.9,210482,0.7179020024216651,-1.5737066003865636,-0.5282577802773538,3.0,True,True
19.05,Bangka Barat,Kepulauan Bangka Belitung,Sumatera,70.59,11.79,7.48,13199,2.59,0.52,4.88,91.88,84.94,70.67,215818,0.6473495406900807,-1.8833982328578245,0.05387506193118086,3.0,True,True
19.06,Belitung Timur,Kepulauan Bangka Belitung,Sumatera,72.85,11.69,8.99,12610,6.36,0.64,2.63,91.5,70.94,73.19,132835,0.2591412905092326,-2.0102649316449797,-0.036998215994194485,3.0,True,True
19.71,Kota Pangkal Pinang,Kepulauan Bangka Belitung,Sumatera,74.24,13.3,10.67,16750,4.04,0.68,5.98,96.96,96.47,80.4,230441,2.981198589082831,-0.2412125249589993,0.12484064466813519,4.0,True,True
21.01,Bintan,Kepulauan Riau,Sumatera,71.21,13.45,9.15,15078,5.44,0.61,4.53,87.93,84.57,76.18,168190,1.4667804652325145,-0.8309934074208906,0.4092033221295979,3.0,True,True
21.02,Karimun,Kepulauan Riau,Sumatera,72.2,12.62,8.91,13287,5.78,0.99,5.52,95.91,85.89,74.28,263344,1.1710003010551617,-0.6789134152038594,0.13025540576969166,3.0,True,True
21.03,Natuna,Kepulauan Riau,Sumatera,66.41,13.94,9.2,15560,5.04,0.31,3.89,78.98,91.53,74.56,85664,1.272118614931028,-0.7115612382611961,0.5600867325507308,3.0,False,True
21.04,Lingga,Kepulauan Riau,Sumatera,63.73,12.65,7.6,12906,9.99,1.25,3.38,69.58,85.48,68.19,102006,-1.1624593866462671,-0.5635125097570781,0.4438803804263397,2.0,True,True
21.05,Kepulauan Anambas,Kepulauan Riau,Sumatera,68.37,13.06,7.53,12983,6.67,0.94,2.38,26.55,24.65,70.93,49728,-2.594605661926171,-2.7340486120862595,3.982333203806007,2.0,True,True
21.71,Kota Batam,Kepulauan Riau,Sumatera,74.28,13.56,11.21,19668,4.85,0.65,7.68,94.1,99.4,82.86,1276928,3.7772030743461373,0.27350916222536653,0.7536057080057246,4.0,True,True
21.72,Kota Tanjung Pinang,Kepulauan Riau,Sumatera,73.02,14.18,10.67,16663,6.86,0.86,4.69,91.51,91.96,80.63,237432,2.47435438338507,0.11332348895204634,0.16885969236743292,4.0,True,True
31.01,Kep. Seribu,DKI Jakarta,Jawa,69.78,12.67,9.26,14110,13.03,1.0,7.93,89.1,92.93,74.17,28809,1.0565099677710348,0.5236645471344621,0.8245921305787656,3.0,False,True
31.71,Kota Jakarta Pusat,DKI Jakarta,Jawa,75.09,13.31,11.61,18661,4.63,0.57,6.24,90.3,100.0,83.01,1044297,3.5475141948139743,-0.05947669564830279,0.37951308419770674,4.0,True,True
31.72,Kota Jakarta Utara,DKI Jakarta,Jawa,73.69,12.7,10.85,20032,6.44,1.01,6.18,91.39,99.85,81.39,1815606,2.9768856523508016,0.0420572072402638,0.18507137323304046,4.0,True,True
31.73,Kota Jakarta Barat,DKI Jakarta,Jawa,74.48,13.14,11.24,22119,3.94,0.26,6.18,94.94,100.0,83.64,2479571,4.133616770975407,-0.5301616218217121,0.36603321483245815,4.0,True,True
31.74,Kota Jakarta Selatan,DKI Jakarta,Jawa,75.02,13.94,11.95,25573,3.03,0.27,5.22,92.61,100.0,86.94,2230653,4.919636476559836,-0.3946209955307357,0.39096043442419465,4.0,True,True
31.75,Kota Jakarta Timur,DKI Jakarta,Jawa,75.38,14.07,11.99,19193,4.09,0.33,6.95,97.15,100.0,84.65,3086010,4.331377273989264,0.15543825345102713,0.5740334241510399,4.0,True,True
32.01,Bogor,Jawa Barat,Jawa,72.16,12.75,8.39,11563,7.05,1.08,7.34,67.18,93.93,72.39,5682303,0.5485279523346229,-0.2226861540006052,1.0422064962916657,3.0,True,True
32.02,Sukabumi,Jawa Barat,Jawa,72.06,12.39,7.34,9815,6.87,0.88,7.11,51.9,89.3,68.97,2828024,-0.3980703134316264,-0.8746755613293739,1.4543277984933742,3.0,True,True
32.03,Cianjur,Jawa Barat,Jawa,70.96,12.04,7.33,9026,10.14,1.58,5.99,63.3,91.62,67.24,2584994,-1.001258753004318,-0.3957439053622556,0.5279904401266986,3.0,True,True
32.04,Bandung,Jawa Barat,Jawa,74.53,12.74,9.15,11392,6.19,0.61,6.36,69.12,96.28,74.27,3753116,1.1466093619123692,-0.6487028201294901,0.6450619632070589,3.0,True,True
32.05,Garut,Jawa Barat,Jawa,72.28,12.17,7.85,9168,9.68,1.41,6.96,49.99,85.37,68.79,2716950,-0.8952355536928044,-0.4587859850642658,1.5282556259754017,3.0,True,True
32.06,Tasikmalaya,Jawa Barat,Jawa,70.39,12.64,7.97,8965,10.23,1.01,3.74,54.68,86.78,68.36,1920921,-1.129996303679538,-0.834362595393867,0.560439895643264,3.0,True,True
32.07,Ciamis,Jawa Barat,Jawa,72.87,14.3,8.1,10085,7.39,0.99,3.37,77.12,96.42,72.56,1259226,0.5159755595958248,-0.3282744073290608,-0.5019151383298853,3.0,True,True
32.08,Kuningan,Jawa Barat,Jawa,74.53,12.27,7.9,10418,11.88,2.02,7.78,84.64,97.92,71.26,1213927,0.31412482650867457,0.44608991087602223,0.030993856731925652,3.0,True,True
32.09,Cirebon,Jawa Barat,Jawa,73.04,12.42,7.65,11529,11.0,1.69,6.74,87.92,97.12,71.44,2387961,0.3599167005254639,0.12241509218125786,-0.2024119916733951,3.0,True,True
32.10,Majalengka,Jawa Barat,Jawa,71.31,12.27,7.53,10842,10.82,1.76,4.01,83.61,94.38,69.74,1352541,-0.47766047286958296,-0.3571028893913382,-0.740872636813561,3.0,True,True
32.11,Sumedang,Jawa Barat,Jawa,73.45,13.02,8.74,11589,9.1,1.6,6.16,77.32,96.23,73.73,1187133,0.6481192560804108,0.20896520205252325,0.18983404135908277,3.0,True,True
32.12,Indramayu,Jawa Barat,Jawa,72.77,12.32,6.95,11010,11.93,2.05,6.25,97.27,97.39,69.83,1914037,0.052613202013764265,0.1488547715847894,-0.7868455109435408,3.0,True,True
32.13,Subang,Jawa Barat,Jawa,73.51,12.11,7.46,11894,9.49,1.63,6.73,90.29,98.69,71.36,1663156,0.5113245324355976,-0.13967045745306528,-0.382348567699314,3.0,True,True
32.14,Purwakarta,Jawa Barat,Jawa,71.99,12.25,8.14,13099,8.41,1.37,7.34,83.01,91.02,72.65,1050344,0.6381459607166089,-0.2044104254901443,0.6107332147636563,3.0,True,True
32.15,Karawang,Jawa Barat,Jawa,73.14,12.21,8.05,12942,7.86,1.18,8.04,85.99,97.23,72.9,2554384,1.0740392664163412,-0.1693312650632425,0.4164662906562539,3.0,True,True
32.16,Bekasi,Jawa Barat,Jawa,74.57,13.18,9.76,12500,4.8,0.7,8.82,89.16,96.76,76.44,3273868,2.3339400324933988,0.06586456554655572,0.9258066388867208,4.0,True,True
32.17,Bandung Barat,Jawa Barat,Jawa,73.34,12.0,8.24,9583,10.49,1.17,6.7,54.02,89.25,70.03,1884191,-0.5181294474892758,-0.5052558450617167,1.1673305582017228,3.0,True,True
32.18,Pangandaran,Jawa Barat,Jawa,72.41,12.31,8.1,9654,8.75,1.23,1.58,90.3,88.36,69.85,434104,-0.4080724887089404,-1.1585695843664956,-1.32048736710126,3.0,True,True
32.71,Kota Bogor,Jawa Barat,Jawa,74.74,13.51,10.71,13154,6.53,0.95,8.13,71.49,99.11,78.52,1078351,2.150633284205371,0.522580909852442,1.2240963122561237,4.0,True,True
32.72,Kota Sukabumi,Jawa Barat,Jawa,73.35,13.62,10.38,12252,7.2,0.88,8.34,45.88,99.46,76.85,365735,1.3428884173577,0.506020246276504,2.045341477300577,4.0,True,True
32.73,Kota Bandung,Jawa Barat,Jawa,75.37,14.25,11.07,18795,3.87,0.6,7.4,55.9,97.62,83.52,2528163,3.1360705252298446,0.10216632455927882,1.8715895667876414,4.0,True,True
32.74,Kota Cirebon,Jawa Barat,Jawa,73.34,13.17,10.53,12869,9.02,1.18,6.29,95.38,98.23,77.08,344851,1.850266340618609,0.5307519383944838,-0.06110911955251996,4.0,True,True
32.75,Kota Bekasi,Jawa Barat,Jawa,76.12,14.14,11.79,16775,4.01,0.8,7.82,99.08,98.89,83.54,2644058,3.9329708291135366,0.6335355220013881,0.6146222847868504,4.0,True,True
32.76,Kota Depok,Jawa Barat,Jawa,75.55,14.11,11.59,16640,2.34,0.34,6.27,98.76,99.85,82.91,2163635,3.942890276363773,-0.10130863193554601,0.231440009874313,4.0,True,True
32.77,Kota Cimahi,Jawa Barat,Jawa,75.1,13.85,11.52,13278,4.39,0.83,8.97,76.44,99.6,80.08,598698,2.8725766734990676,0.7272964801143662,1.4813599100261114,4.0,True,True
32.78,Kota Tasikmalaya,Jawa Barat,Jawa,73.16,13.5,9.63,11431,11.1,1.35,6.49,53.16,93.79,75.04,750727,0.4015314891951606,0.48715898623020426,1.2762498251998402,3.0,True,True
32.79,Kota Banjar,Jawa Barat,Jawa,72.03,13.28,8.83,11811,5.85,1.03,5.44,91.07,96.97,73.64,209791,1.2092230033531608,-0.19807219742580545,-0.22007253114361675,3.0,True,True
33.01,Cilacap,Jawa Tengah,Jawa,74.57,12.69,7.4,11868,10.68,1.59,7.83,83.25,93.33,72.38,2027379,0.5799621090523788,0.09044049901467952,0.37394915889012337,3.0,True,True
33.02,Banyumas,Jawa Tengah,Jawa,74.34,13.34,7.91,12960,11.95,2.09,6.18,83.25,94.33,74.52,1847097,0.6026927391189182,0.4839455115717347,-0.07200077700762811,3.0,True,True
33.03,Purbalingga,Jawa Tengah,Jawa,73.56,12.03,7.36,11343,14.18,2.1,4.96,82.01,88.24,70.69,1037637,-0.6101823625932308,-0.19848811792860477,-0.3742922888658644,3.0,True,True
33.04,Banjarnegara,Jawa Tengah,Jawa,74.66,11.83,6.87,10595,14.71,2.38,5.57,52.4,91.75,69.6,1057562,-1.325952014301235,-0.20810541033002708,0.3353745151931921,3.0,True,True
33.05,Kebumen,Jawa Tengah,Jawa,73.96,13.39,7.87,10176,15.71,2.35,5.07,93.43,87.29,71.93,1414754,-0.17184660159683024,0.6183775598621204,-0.5364034484873711,3.0,True,True
33.06,Purworejo,Jawa Tengah,Jawa,75.51,13.55,8.65,11584,10.87,1.08,3.89,84.64,90.04,75.11,795033,0.7726818595666537,-0.3458388201593281,-0.4592267848017778,3.0,True,True
33.07,Wonosobo,Jawa Tengah,Jawa,72.4,11.81,6.9,11980,15.28,2.41,4.02,63.81,95.24,69.82,920506,-1.2826918214814498,-0.19904340114371827,-0.4773767109167297,3.0,True,True
33.08,Magelang,Jawa Tengah,Jawa,74.45,12.62,7.83,10926,10.83,1.23,3.55,83.77,93.27,71.99,1341447,0.09205401140652861,-0.6808321045886883,-0.856534004781598,3.0,True,True
33.09,Boyolali,Jawa Tengah,Jawa,76.44,12.67,8.17,14195,9.63,1.56,3.16,88.26,94.83,75.96,1099850,0.8673164150141622,-0.6479956017954677,-1.166144289978293,3.0,True,True
33.10,Klaten,Jawa Tengah,Jawa,77.3,13.43,9.29,13513,12.04,1.46,3.97,97.86,99.48,78.16,1292800,1.6182028096543182,0.20234785483551815,-1.2845713462946435,4.0,True,True
33.11,Sukoharjo,Jawa Tengah,Jawa,78.01,13.92,10.01,12758,7.47,1.21,3.65,97.08,99.15,79.3,941650,2.156837732223024,-0.0102222076103889,-1.1569597736888622,4.0,True,True
33.12,Wonogiri,Jawa Tengah,Jawa,76.84,12.61,7.68,10634,10.71,1.53,2.4,96.25,96.96,72.55,1054145,0.33970726476277124,-0.7206200801392072,-1.9202428636869648,3.0,True,True
33.13,Karanganyar,Jawa Tengah,Jawa,77.91,13.73,9.26,12732,9.59,1.63,3.47,98.54,99.64,78.11,961909,1.6780977329944446,0.12505144751834638,-1.4697679063134519,4.0,True,True
33.14,Sragen,Jawa Tengah,Jawa,76.18,12.93,7.88,13890,12.41,2.42,3.53,95.71,98.45,75.53,1004761,0.6933724685787677,0.1194868509015743,-1.57148560011621,3.0,True,True
33.15,Grobogan,Jawa Tengah,Jawa,75.24,12.48,7.29,11548,11.43,1.9,3.23,93.94,87.09,72.02,1506374,-0.11247574711875105,-0.661698347621136,-1.1756560613455878,3.0,True,True
33.16,Blora,Jawa Tengah,Jawa,74.84,12.6,7.26,10926,11.42,1.59,3.67,90.81,97.02,71.39,907993,0.07739307900541788,-0.4659744978599555,-1.3404491601903494,3.0,True,True
33.17,Rembang,Jawa Tengah,Jawa,74.97,12.3,7.73,11830,14.02,2.76,2.84,94.89,95.86,72.53,665237,-0.23602588723133636,0.014938842067131131,-1.7712895090460985,3.0,True,True
33.18,Pati,Jawa Tengah,Jawa,76.56,12.98,7.82,11829,9.17,1.17,3.87,96.33,98.32,74.1,1370821,1.033478759845706,-0.6031105553611648,-1.366867508164315,3.0,True,True
33.19,Kudus,Jawa Tengah,Jawa,77.08,13.28,9.35,12533,7.23,1.02,3.19,95.9,99.6,77.22,883322,1.7196314685650154,-0.5193963208302721,-1.3524423824726803,3.0,True,True
33.20,Jepara,Jawa Tengah,Jawa,76.21,12.86,8.27,11729,6.09,0.71,3.34,68.05,89.46,74.32,1232880,0.586521889071282,-1.4363661333465316,-0.12217190247323471,3.0,True,True
33.21,Demak,Jawa Tengah,Jawa,75.79,13.36,8.28,11591,11.89,1.95,4.75,95.13,95.99,74.57,1252970,0.781695825952546,0.31666997415292575,-0.9744974853081919,3.0,True,True
33.22,Semarang,Jawa Tengah,Jawa,76.14,13.06,8.16,13377,6.96,0.91,3.73,86.32,99.6,75.67,1089767,1.336753759012854,-0.8535530272557134,-0.9826351435361742,3.0,True,True
33.23,Temanggung,Jawa Tengah,Jawa,75.95,12.62,7.53,10519,8.67,0.97,2.35,71.77,97.83,71.87,814879,0.025342932251894164,-1.2470280498135466,-1.1168585937928193,3.0,True,True
33.24,Kendal,Jawa Tengah,Jawa,74.73,13.0,7.74,13277,9.35,0.91,5.01,83.05,97.65,74.34,1064812,0.9928473840460581,-0.5852342838058362,-0.44073623369493814,3.0,True,True
33.25,Batang,Jawa Tengah,Jawa,75.03,12.17,7.08,10919,8.73,1.25,5.67,65.92,96.46,70.74,838187,-0.06578563513051995,-0.8158171538439889,0.03044651252733198,3.0,True,True
33.26,Pekalongan,Jawa Tengah,Jawa,74.0,12.46,7.48,11701,8.95,1.16,3.3,82.61,96.91,71.84,1019006,0.18079300710678364,-0.9324875085211931,-1.0329676828012166,3.0,True,True
33.27,Pemalang,Jawa Tengah,Jawa,73.99,12.02,6.56,10017,14.92,2.56,6.63,84.32,94.38,68.55,1541685,-0.7045567787817315,0.2646085182373123,-0.4213347417131497,3.0,True,True
33.28,Tegal,Jawa Tengah,Jawa,72.16,12.96,7.36,10972,6.81,0.97,7.53,87.09,98.28,70.77,1674803,0.8557778417352802,-0.235279195682655,0.22110548961857449,3.0,True,True
33.29,Brebes,Jawa Tengah,Jawa,70.29,12.45,6.41,11389,15.6,2.5,8.35,85.85,94.66,68.46,2065501,-0.5646991402514355,0.8398526510690904,0.28595052912645247,3.0,True,True
33.71,Kota Magelang,Jawa Tengah,Jawa,77.53,14.62,11.43,13619,5.94,0.92,4.4,88.55,99.93,82.15,122431,2.88492001695712,0.3562218769439918,-0.35386767998359986,4.0,False,True
33.72,Kota Surakarta,Jawa Tengah,Jawa,77.9,15.07,11.25,16291,8.31,1.14,4.61,85.07,99.72,84.4,528044,3.1028025299968633,0.7326578407669101,-0.17350839336339252,4.0,True,True
33.73,Kota Salatiga,Jawa Tengah,Jawa,78.26,15.46,11.48,17096,4.57,0.61,3.86,96.28,98.98,85.72,201270,3.9556560897928414,0.1830128611707683,-0.47880561486011947,4.0,True,True
33.74,Kota Semarang,Jawa Tengah,Jawa,78.24,15.57,11.05,16990,4.03,0.59,5.82,95.83,99.87,85.25,1708833,4.165934870989017,0.4097123052720991,0.05428142016464629,4.0,True,True
33.75,Kota Pekalongan,Jawa Tengah,Jawa,74.8,12.89,9.34,14547,6.71,0.84,4.91,89.38,99.27,77.22,321095,1.8535307952897988,-0.49415781282449933,-0.4599431502090855,4.0,True,True
33.76,Kota Tegal,Jawa Tengah,Jawa,74.87,13.25,9.28,14358,7.64,1.34,5.88,92.48,99.66,77.43,285843,1.8701260917721843,0.15672380690708554,-0.345397297970837,4.0,True,True
34.01,Kulon Progo,Daerah Istimewa Yogyakarta,Jawa,75.41,14.49,9.2,10990,15.62,2.48,2.01,97.16,92.93,76.14,445315,0.4674529472923602,0.8918808226727335,-1.6044595818968563,3.0,True,True
34.02,Bantul,Daerah Istimewa Yogyakarta,Jawa,74.17,15.63,9.81,16851,11.66,2.18,3.62,96.46,97.96,81.74,1017750,2.194168589216721,1.3627377877487565,-0.8179837536649313,4.0,True,True
34.03,Gunung Kidul,Daerah Istimewa Yogyakarta,Jawa,74.35,13.4,7.35,10630,15.18,2.56,2.16,97.63,98.47,71.89,752188,-0.2608878580070555,0.33104282179628974,-2.1087099005522503,3.0,True,True
34.04,Sleman,Daerah Istimewa Yogyakarta,Jawa,75.29,16.79,11.33,17586,7.46,1.21,4.13,96.43,95.37,85.61,1168471,3.6014094199236495,1.2960772492122643,-0.10485955690089292,4.0,True,True
34.71,Kota Yogyakarta,Daerah Istimewa Yogyakarta,Jawa,75.11,17.66,12.12,20603,6.26,0.76,5.8,96.27,99.94,88.77,375779,4.97193696594682,1.7225408291455386,0.5662390914664249,4.0,True,True
35.01,Pacitan,Jawa Timur,Jawa,73.04,12.69,7.9,10099,13.08,1.49,1.56,81.26,84.35,70.74,588569,-0.83056177193622,-0.7963101139359587,-0.9929302803358134,3.0,True,True
35.02,Ponorogo,Jawa Timur,Jawa,73.74,13.78,7.8,11065,9.11,1.02,4.19,92.57,95.57,73.01,962941,0.8240251692394889,-0.31259642325692083,-0.8126304133043831,3.0,True,True
35.03,Trenggalek,Jawa Timur,Jawa,74.83,12.63,7.92,10872,10.5,1.43,3.9,84.66,81.47,72.24,744516,-0.0890121458221962,-0.7912034135692785,-0.28861267306503546,3.0,True,True
35.04,Tulungagung,Jawa Timur,Jawa,75.11,13.36,8.68,11966,6.28,0.6,4.12,87.76,98.62,75.09,1113847,1.4782450246650047,-0.7982980631287622,-0.6900496090340413,3.0,True,True
35.05,Blitar,Jawa Timur,Jawa,74.54,12.67,7.87,12020,8.16,0.8,4.77,86.16,98.66,73.09,1263645,0.9102339322799525,-0.8048113837203719,-0.6534247908644712,3.0,True,True
35.06,Kediri,Jawa Timur,Jawa,73.47,13.63,8.26,12388,9.95,1.22,5.1,94.94,96.72,74.44,1689916,1.1194301658378507,0.08032421347637915,-0.61107974778426,3.0,True,True
35.07,Malang,Jawa Timur,Jawa,73.45,13.49,7.8,11190,8.98,0.98,5.13,86.74,97.94,72.68,2735993,0.8105780752172032,-0.2569768464662741,-0.46496177952650647,3.0,True,True
35.08,Lumajang,Jawa Timur,Jawa,71.14,12.41,7.27,10124,8.65,1.23,3.28,82.45,97.31,68.8,1145849,-0.386372925240544,-0.8174186040970046,-0.9830998180390917,3.0,True,True
35.09,Jember,Jawa Timur,Jawa,70.2,13.5,6.54,10700,9.01,1.01,3.23,67.46,95.3,69.15,2603817,-0.5774021149580129,-0.7777520001861691,-0.3566014578852377,3.0,True,True
35.10,Banyuwangi,Jawa Timur,Jawa,71.57,13.14,7.78,13320,6.54,0.44,4.03,86.22,97.06,73.11,1754393,1.0413193165600543,-1.0892720044196944,-0.4882220729380323,3.0,True,True
35.11,Bondowoso,Jawa Timur,Jawa,67.76,13.33,6.53,11689,12.6,1.51,3.63,62.1,96.54,68.65,792309,-1.1313175487649858,-0.14748401407177683,-0.12470921353578053,2.0,True,True
35.12,Situbondo,Jawa Timur,Jawa,70.11,13.2,6.93,11216,11.51,1.19,3.15,62.66,95.17,69.75,700719,-0.8181053144398415,-0.558490731943687,-0.2637782366459423,3.0,True,True
35.13,Probolinggo,Jawa Timur,Jawa,68.28,12.64,6.31,12258,16.45,2.63,3.0,66.39,96.9,68.29,1185242,-1.7244218310805222,0.1899657084939158,-0.7400418399212526,2.0,True,True
35.14,Pasuruan,Jawa Timur,Jawa,71.0,12.78,7.46,11617,8.63,1.09,5.02,86.36,98.62,70.73,1657216,0.3321065810306745,-0.42742390778590295,-0.5037664146225993,3.0,True,True
35.15,Sidoarjo,Jawa Timur,Jawa,74.91,15.22,10.91,15710,4.53,0.64,6.49,97.95,98.07,82.31,2171480,3.5764650421026407,0.5771129402636871,0.3394309893621905,4.0,True,True
35.16,Mojokerto,Jawa Timur,Jawa,73.45,12.99,9.13,13903,9.37,1.01,3.87,91.14,97.46,75.98,1154257,1.2565492892419123,-0.3376195434281625,-0.7782040863391213,3.0,True,True
35.17,Jombang,Jawa Timur,Jawa,73.42,13.61,8.78,12454,8.6,0.9,3.75,96.13,98.76,75.1,1362697,1.3336246072570546,-0.26923859827521046,-1.0066128828745151,3.0,True,True
35.18,Nganjuk,Jawa Timur,Jawa,72.48,13.18,8.25,13376,10.17,1.04,3.87,90.96,99.71,74.23,1131777,0.9174253541035631,-0.2816770210051732,-0.9419173308398684,3.0,True,True
35.19,Madiun,Jawa Timur,Jawa,72.47,13.27,8.2,12668,10.63,1.4,4.34,91.47,97.55,73.74,757839,0.7019144684079651,0.013570273610447272,-0.7937099872273369,3.0,True,True
35.20,Magetan,Jawa Timur,Jawa,73.49,14.08,8.69,12915,9.32,1.09,3.28,89.99,98.56,75.87,685500,1.2025522560110595,-0.07061242221930386,-0.9538810965024862,3.0,True,True
35.21,Ngawi,Jawa Timur,Jawa,73.39,12.89,7.84,12414,13.81,2.22,2.4,82.99,97.07,73.09,884086,-0.26796352557955183,0.004489268659401373,-1.3846607147380479,3.0,True,True
35.22,Bojonegoro,Jawa Timur,Jawa,72.76,13.18,7.59,11204,11.69,1.99,4.42,96.43,96.13,71.78,1325299,0.20853309157043412,0.21274981047074826,-1.0764028167671598,3.0,True,True
35.23,Tuban,Jawa Timur,Jawa,72.54,12.54,7.53,11579,14.36,1.95,4.28,85.12,96.96,71.23,1225205,-0.31297067211698437,0.10217484198720399,-0.9105171949746115,3.0,True,True
35.24,Lamongan,Jawa Timur,Jawa,73.41,14.03,8.48,12419,12.16,1.88,4.34,95.88,84.6,75.13,1378147,0.6153696103284487,0.3600152253526757,-0.37862787098935974,3.0,True,True
35.25,Gresik,Jawa Timur,Jawa,73.5,13.98,10.03,14356,10.32,1.58,6.45,93.22,97.65,78.45,1364019,1.9270656729230724,0.9814789281411703,0.056057688892227474,4.0,True,True
35.26,Bangkalan,Jawa Timur,Jawa,70.96,11.98,6.01,9841,18.66,2.03,5.35,50.31,98.0,66.27,1102522,-2.029267697004929,0.07145766839107022,0.10702083516788954,2.0,True,True
35.27,Sampang,Jawa Timur,Jawa,68.81,12.55,5.08,9782,20.83,2.86,2.5,87.24,97.66,64.65,1016254,-2.245830759378674,0.31289051119559824,-1.8806365410149606,2.0,True,True
35.28,Pamekasan,Jawa Timur,Jawa,68.48,13.69,7.17,9811,13.41,1.05,1.64,72.94,96.98,68.49,884697,-0.9848329235962122,-0.35713497490538326,-0.9856057123386154,2.0,True,True
35.29,Sumenep,Jawa Timur,Jawa,72.65,13.59,6.1,10156,17.78,4.19,1.69,73.31,99.41,69.26,1153188,-1.7168010490216983,0.7196921322761053,-1.7917576054879594,2.0,True,True
35.71,Kota Kediri,Jawa Timur,Jawa,74.87,15.71,10.92,13670,6.51,1.02,3.91,95.39,99.73,81.35,298227,2.7999621376825297,0.7926463451152105,-0.5327762211532167,4.0,True,True
35.72,Kota Blitar,Jawa Timur,Jawa,74.86,14.81,10.82,14933,6.75,1.06,5.11,95.93,99.6,81.27,154867,2.84637664903209,0.6756183028255548,-0.2603708445026574,4.0,True,True
35.73,Kota Malang,Jawa Timur,Jawa,74.33,15.79,11.14,17791,3.91,0.42,6.1,87.84,99.48,84.06,872694,3.934624553388384,0.523527106472872,0.6842349618175351,4.0,True,True
35.74,Kota Probolinggo,Jawa Timur,Jawa,71.18,13.98,9.72,13405,6.18,0.98,4.44,91.59,100.0,76.27,249539,1.6914163607605388,0.14556446643201723,-0.4007343947992046,4.0,True,True
35.75,Kota Pasuruan,Jawa Timur,Jawa,72.5,13.67,9.94,14664,6.32,0.7,4.63,95.52,99.94,77.75,219392,2.1809056091500656,-0.12964757517461226,-0.45013138731218066,4.0,True,True
35.76,Kota Mojokerto,Jawa Timur,Jawa,74.29,14.13,11.38,14842,5.57,0.74,3.76,98.56,99.77,80.92,137393,2.8143388845110486,0.09282048488964184,-0.654012370455166,4.0,False,True
35.77,Kota Madiun,Jawa Timur,Jawa,73.65,14.54,12.11,17518,4.38,0.56,4.3,95.19,100.0,83.48,201767,3.561912659876793,0.2355736729224728,-0.11367212618514097,4.0,True,True
35.78,Kota Surabaya,Jawa Timur,Jawa,74.94,14.87,10.89,19666,3.96,0.65,4.91,97.69,100.0,84.14,2921996,3.8918954307091913,0.15473038608707568,-0.13880038059420774,4.0,True,True
35.79,Kota Batu,Jawa Timur,Jawa,73.49,14.58,9.87,14253,3.06,0.46,3.63,96.39,98.27,78.79,222685,2.5989429099714703,-0.47689571821415694,-0.5829699213473841,4.0,True,True
36.01,Pandeglang,Banten,Jawa,65.79,13.74,7.16,9574,9.18,1.52,8.09,63.66,78.51,66.99,1325952,-0.9503334465111751,0.329774434158715,2.180709205379182,2.0,True,True
36.02,Lebak,Banten,Jawa,68.34,12.11,6.61,9631,8.44,1.02,6.23,70.23,77.92,65.86,1449205,-1.1554610223833006,-1.071240273670118,1.171676650813401,3.0,True,True
36.03,Tangerang,Banten,Jawa,70.88,12.88,9.06,13254,6.55,1.2,6.06,89.38,97.79,74.09,3400486,1.2065728740191803,0.002415063765291339,0.030042833492312317,3.0,True,True
36.04,Serang,Banten,Jawa,65.9,12.87,7.88,11767,4.51,0.79,9.18,85.31,94.75,69.03,1701803,0.7579369128207819,0.012567581385958444,1.3897599927235018,3.0,True,True
36.71,Kota Tangerang,Banten,Jawa,72.46,13.9,11.14,15641,5.43,0.94,5.92,96.93,98.04,80.02,1963966,2.7579115434652244,0.45995835672462004,0.15183500443644815,4.0,True,True
36.72,Kota Cilegon,Banten,Jawa,67.66,13.23,10.39,14294,3.75,0.44,6.08,97.1,99.61,75.14,455617,2.1314725677885824,-0.11875152056475782,0.29604644023430693,4.0,True,True
36.73,Kota Serang,Banten,Jawa,69.27,12.83,8.93,14603,5.65,0.75,7.12,92.71,99.27,73.99,734866,1.6570548929912705,-0.12257245419047767,0.3692514648842978,4.0,True,True
36.74,Kota Tangerang Selatan,Banten,Jawa,73.31,14.7,11.86,17028,2.36,0.27,5.09,99.34,98.37,82.89,1399496,3.8685297676840236,-0.029688068791526186,0.1591033221851742,4.0,True,True
51.01,Jembrana,Bali,Bali & Nusa Tenggara,73.51,13.05,8.7,12638,4.51,0.36,1.53,96.13,95.14,74.6,325633,1.3304886953502748,-1.6172161260767486,-1.4130854692841164,3.0,True,True
51.02,Tabanan,Bali,Bali & Nusa Tenggara,74.8,13.29,9.57,15297,4.4,0.75,1.85,96.25,98.38,78.42,467667,2.0155306082798874,-1.0183703553729657,-1.4031620604961565,4.0,True,True
51.03,Badung,Bali,Bali & Nusa Tenggara,76.18,14.23,11.14,18556,2.23,0.32,1.83,99.3,100.0,83.87,568547,3.6594199931395965,-0.934444876785411,-1.1445236619182286,4.0,True,True
51.04,Gianyar,Bali,Bali & Nusa Tenggara,74.86,14.11,9.84,15577,4.0,0.49,1.98,99.52,99.55,79.82,527119,2.597211905143759,-0.8563392753599216,-1.3352973602014198,4.0,True,True
51.05,Klungkung,Bali,Bali & Nusa Tenggara,72.5,13.13,8.74,12358,5.3,0.23,1.23,99.23,99.02,74.04,209309,1.3652638712010738,-1.5529968348918894,-1.6894479565044904,3.0,True,True
51.06,Bangli,Bali,Bali & Nusa Tenggara,71.63,12.53,7.58,12148,5.06,0.89,0.74,92.49,96.07,71.34,262297,0.23100876259615177,-1.606383807102892,-1.8012143510117324,3.0,True,True
51.07,Karangasem,Bali,Bali & Nusa Tenggara,71.53,12.91,6.7,11176,6.52,0.56,1.63,91.31,99.5,69.74,502333,0.20905541371928416,-1.5686738551155957,-1.703535607030098,3.0,True,True
51.08,Buleleng,Bali,Bali & Nusa Tenggara,72.92,13.3,7.69,14377,5.39,0.72,2.06,93.79,94.36,74.52,814789,1.1108731888815186,-1.3269930551475038,-1.2579901807209575,3.0,True,True
51.71,Kota Denpasar,Bali,Bali & Nusa Tenggara,76.01,14.13,11.53,20763,2.59,0.36,2.11,99.01,99.96,85.22,755568,4.001264432562507,-0.8066005839375608,-0.9590035053267736,4.0,True,True
52.01,Lombok Barat,Nusa Tenggara Barat,Bali & Nusa Tenggara,68.35,13.99,6.88,12431,12.65,1.84,2.75,79.62,94.92,70.67,765049,-0.6020018996247224,0.16830987822530807,-0.7744604410771893,2.0,True,True
52.02,Lombok Tengah,Nusa Tenggara Barat,Bali & Nusa Tenggara,67.32,13.89,6.73,11531,12.07,1.56,2.55,85.31,94.66,69.17,1109800,-0.6907567436747913,-0.022623302009289678,-0.9492984301503681,2.0,True,True
52.03,Lombok Timur,Nusa Tenggara Barat,Bali & Nusa Tenggara,67.2,14.07,7.36,10571,14.51,2.66,2.53,87.98,96.17,69.23,1414461,-0.9709448922402936,0.8458258613205838,-1.1743260278564345,2.0,True,True
52.04,Sumbawa,Nusa Tenggara Barat,Bali & Nusa Tenggara,68.81,13.34,8.59,10349,12.87,1.98,2.67,89.4,95.75,70.55,536597,-0.45454857561104234,0.4293844901219416,-1.0780830194048923,2.0,True,True
52.05,Dompu,Nusa Tenggara Barat,Bali & Nusa Tenggara,67.99,13.84,9.04,9971,11.59,1.62,2.7,84.63,98.85,70.78,250943,-0.20456650452183206,0.542135422012893,-0.8670588714840362,2.0,True,True
52.06,Bima,Nusa Tenggara Barat,Bali & Nusa Tenggara,67.52,13.66,8.3,9418,13.88,1.89,2.19,87.9,97.13,68.94,543459,-0.7892603500429837,0.5298271927415834,-1.2074144403401177,2.0,True,True
52.07,Sumbawa Barat,Nusa Tenggara Barat,Bali & Nusa Tenggara,69.54,13.68,8.99,12841,12.23,2.33,3.1,98.09,94.73,73.86,155535,0.30692667296102105,0.7371168568224922,-1.0711660612592369,3.0,True,True
52.08,Lombok Utara,Nusa Tenggara Barat,Bali & Nusa Tenggara,68.43,13.02,6.4,10272,23.96,4.81,1.85,85.88,95.02,67.24,261557,-2.4386374555517554,1.3203214349229173,-1.8545223988314898,2.0,True,True
52.71,Kota Mataram,Nusa Tenggara Barat,Bali & Nusa Tenggara,72.75,15.68,9.58,16514,8.0,2.15,4.85,89.72,98.77,80.6,445010,2.214561208029172,1.3236527726126408,-0.1829156196592618,4.0,True,True
52.72,Kota Bima,Nusa Tenggara Barat,Bali & Nusa Tenggara,71.41,15.08,10.96,12362,8.12,1.44,3.27,93.63,99.57,78.04,163604,1.764930094980804,0.9945012988298914,-0.6665629504249129,4.0,True,True
53.01,Kupang,Nusa Tenggara Timur,Bali & Nusa Tenggara,65.95,13.9,7.62,8508,21.37,4.64,3.36,73.34,90.16,66.57,380212,-2.4022428806992027,1.880932788290738,-0.44809943222368764,2.0,True,True
53.02,Timor Tengah Selatan,Nusa Tenggara Timur,Bali & Nusa Tenggara,67.03,12.62,7.21,7755,24.68,4.51,2.63,70.72,75.48,64.36,481281,-3.4578435606000255,1.065382213308217,-0.24546205536914145,2.0,True,True
53.03,Timor Tengah Utara,Nusa Tenggara Timur,Bali & Nusa Tenggara,67.82,13.36,8.17,7242,20.89,3.9,1.82,80.84,92.51,65.83,275439,-2.2645601061317544,1.3712557310810696,-1.3025511143570998,2.0,True,True
53.04,Belu,Nusa Tenggara Timur,Bali & Nusa Tenggara,65.93,12.32,7.5,8159,13.86,2.26,5.41,85.78,86.36,64.43,235709,-1.6145069932928564,0.40654247171234836,0.07545536023934796,2.0,True,True
53.05,Alor,Nusa Tenggara Timur,Bali & Nusa Tenggara,62.62,12.48,8.61,7806,19.87,2.25,2.27,85.83,87.28,63.82,225020,-2.3933317681125685,0.7788057225305068,-0.6930373537131483,2.0,True,True
53.06,Flores Timur,Nusa Tenggara Timur,Bali & Nusa Tenggara,66.21,12.96,8.06,8505,11.25,1.38,3.58,96.98,99.8,66.29,292523,-0.5677317560971143,0.2029219363836362,-1.1296982337350367,3.0,True,True
53.07,Sikka,Nusa Tenggara Timur,Bali & Nusa Tenggara,68.52,13.67,6.99,9019,11.89,1.57,2.33,85.35,93.95,67.41,340327,-0.9541252751008465,-0.12089526228590473,-1.1037861669776556,2.0,True,True
53.08,Ende,Nusa Tenggara Timur,Bali & Nusa Tenggara,66.3,13.83,8.29,10009,22.57,4.44,2.05,92.69,97.64,69.11,281371,-1.6719599665042135,2.0311089497880537,-1.6522185567704186,2.0,True,True
53.09,Ngada,Nusa Tenggara Timur,Bali & Nusa Tenggara,68.92,12.75,8.83,9585,11.87,2.14,2.68,86.56,97.2,69.52,174088,-0.6602911923204302,0.30121123801985145,-1.112092822585661,2.0,True,True
53.10,Manggarai,Nusa Tenggara Timur,Bali & Nusa Tenggara,67.89,13.73,7.91,8204,19.01,2.88,1.17,66.26,95.54,67.28,334464,-2.1178609902427894,0.9112902388001257,-1.0716863099409102,2.0,True,True
53.11,Sumba Timur,Nusa Tenggara Timur,Bali & Nusa Tenggara,66.05,12.87,7.77,10280,27.04,6.44,3.46,65.88,73.31,67.68,259261,-3.40897159783581,1.8795723634302166,0.3243630760553295,2.0,True,True
53.12,Sumba Barat,Nusa Tenggara Timur,Bali & Nusa Tenggara,67.72,13.4,7.17,8243,26.52,5.25,3.21,60.76,84.0,66.06,155013,-3.277294036322046,1.8115732080480567,-0.16880516309828614,2.0,True,True
53.13,Lembata,Nusa Tenggara Timur,Bali & Nusa Tenggara,68.12,12.47,8.27,8238,24.22,4.35,2.18,88.61,96.72,66.62,143345,-2.2682563087662304,1.5782971569843474,-1.7548171232979188,2.0,True,True
53.14,Rote Ndao,Nusa Tenggara Timur,Bali & Nusa Tenggara,65.85,13.23,7.83,7365,25.78,5.23,2.42,85.16,82.48,64.59,152950,-3.0610225215917306,1.871455544570625,-0.9099787880319127,2.0,True,True
53.15,Manggarai Barat,Nusa Tenggara Timur,Bali & Nusa Tenggara,68.3,12.54,8.21,8195,16.74,3.55,3.47,82.03,89.72,66.65,276284,-1.8269867979981866,0.88932433470528,-0.7065463663999983,2.0,True,True
53.16,Nagekeo,Nusa Tenggara Timur,Bali & Nusa Tenggara,68.17,12.69,8.23,8986,12.3,1.56,2.17,83.52,93.46,67.72,168355,-1.044721020864448,-0.20383716902643628,-1.0120221300793626,2.0,True,True
53.17,Sumba Tengah,Nusa Tenggara Timur,Bali & Nusa Tenggara,69.1,13.14,7.23,6743,30.84,7.59,1.89,52.51,59.59,64.31,92354,-4.746106326381875,1.6081597838767216,0.4536151390223249,1.0,True,True
53.18,Sumba Barat Daya,Nusa Tenggara Timur,Bali & Nusa Tenggara,69.2,13.11,6.39,7358,27.2,3.84,2.64,52.6,86.12,64.27,328771,-3.5494353670403282,1.1449973358091965,-0.3495211993938016,2.0,True,True
53.19,Manggarai Timur,Nusa Tenggara Timur,Bali & Nusa Tenggara,68.69,12.66,7.96,6561,24.9,5.14,0.51,55.75,88.18,64.2,296174,-3.679610648531337,1.2115485144177442,-1.0599273582977837,2.0,True,True
53.20,Sabu Raijua,Nusa Tenggara Timur,Bali & Nusa Tenggara,61.27,13.19,6.99,6207,28.13,5.52,3.99,83.51,72.95,59.58,94787,-4.078855256212482,2.157192756093745,0.07673925373430647,2.0,True,True
53.21,Malaka,Nusa Tenggara Timur,Bali & Nusa Tenggara,65.99,12.83,7.14,6879,13.92,1.99,1.58,73.7,90.98,62.73,193510,-2.3122913438784765,-0.13589467666226335,-0.9286863099420817,2.0,True,True
53.71,Kota Kupang,Nusa Tenggara Timur,Bali & Nusa Tenggara,70.84,16.54,11.64,14001,8.24,1.4,8.6,91.69,93.68,81.08,474801,3.0079992021439623,2.336231972230903,1.561450115213787,4.0,True,True
61.01,Sambas,Kalimantan Barat,Kalimantan,70.11,12.76,6.76,11538,6.53,0.85,4.99,93.68,95.38,69.31,654912,0.35243810869954995,-0.8826597283929568,-0.5588754159932908,3.0,True,True
61.02,Mempawah,Kalimantan Barat,Kalimantan,71.87,12.9,7.21,9163,4.83,0.49,6.78,80.8,90.19,68.56,316728,0.4590235820840999,-1.0570501230822478,0.5963263616296962,3.0,True,True
61.03,Sanggau,Kalimantan Barat,Kalimantan,71.91,11.88,7.47,9728,4.67,0.45,3.71,73.57,82.66,68.43,510412,-0.3346407236545706,-2.0906094702815654,0.16962029050543279,3.0,True,True
61.04,Ketapang,Kalimantan Barat,Kalimantan,71.64,11.97,7.68,10472,8.5,1.49,6.36,83.89,69.49,69.42,599890,-0.548645822812482,-0.9020898986733258,1.0829610922713153,3.0,True,True
61.05,Sintang,Kalimantan Barat,Kalimantan,72.72,12.32,7.65,9657,8.03,0.94,2.85,80.06,73.21,69.42,443684,-0.6980915407667018,-1.6604922048116881,0.01475657844067161,3.0,True,True
61.06,Kapuas Hulu,Kalimantan Barat,Kalimantan,73.05,12.23,8.03,8470,7.4,0.78,2.18,74.44,67.25,68.58,265772,-0.987731397344222,-2.021895984749222,0.2660180156084012,3.0,True,True
61.07,Bengkayang,Kalimantan Barat,Kalimantan,74.42,12.22,7.41,10208,6.0,0.64,2.81,84.37,86.41,70.3,303422,0.06653098519449598,-1.8775803568704044,-0.7329561426720399,3.0,True,True
61.08,Landak,Kalimantan Barat,Kalimantan,74.0,12.54,7.46,8868,8.98,1.48,2.22,66.28,71.64,69.08,419092,-1.3104242998466031,-1.4878293615616776,0.12106974822613908,3.0,True,True
61.09,Sekadau,Kalimantan Barat,Kalimantan,72.96,11.93,7.23,8511,5.66,0.55,2.24,72.69,60.12,67.25,222510,-1.233021225383888,-2.7357344419761285,0.5973445914093093,3.0,True,True
61.10,Melawi,Kalimantan Barat,Kalimantan,73.49,11.37,7.66,9596,10.62,1.72,2.41,71.38,51.24,68.66,243250,-1.984907087456434,-2.0065916495979867,0.8229221742393458,3.0,True,True
61.11,Kayong Utara,Kalimantan Barat,Kalimantan,69.51,12.2,6.54,9016,8.84,1.63,3.02,73.0,98.26,65.74,135087,-1.2745398831925132,-0.7905435551481051,-0.935302517716136,3.0,True,True
61.12,Kubu Raya,Kalimantan Barat,Kalimantan,71.44,13.9,7.05,10132,4.08,0.36,6.73,77.94,92.84,70.25,649866,0.881670399831508,-0.8675163343852147,0.7189860833891542,3.0,True,True
61.71,Kota Pontianak,Kalimantan Barat,Kalimantan,74.15,15.06,10.47,16212,4.2,0.58,8.29,96.5,98.54,81.57,680852,3.683398270184361,0.6784968487530268,0.9026240051263341,4.0,True,True
61.72,Kota Singkawang,Kalimantan Barat,Kalimantan,72.98,12.95,8.22,12945,4.53,0.47,7.92,89.23,91.96,73.87,249998,1.7283656470332311,-0.7171487349901298,0.7955691630143203,3.0,True,True
62.01,Kotawaringin Barat,Kalimantan Tengah,Kalimantan,71.38,12.78,8.77,14095,4.11,0.43,4.42,92.0,88.9,74.44,282790,1.4070126541685535,-1.2800063165084556,-0.02607281205678591,3.0,True,True
62.02,Kotawaringin Timur,Kalimantan Tengah,Kalimantan,70.51,12.89,8.18,13042,5.66,0.96,4.63,75.67,83.59,72.66,448184,0.31264383403933216,-0.9583013395484976,0.5851094439540742,3.0,True,True
62.03,Kapuas,Kalimantan Tengah,Kalimantan,69.34,13.01,7.93,12265,5.25,0.6,3.61,63.31,67.14,71.32,430184,-0.48461084427844414,-1.7616610143018654,1.4563698077218532,3.0,True,True
62.04,Barito Selatan,Kalimantan Tengah,Kalimantan,67.86,13.0,9.22,12508,4.83,0.21,4.12,64.3,59.88,72.36,135909,-0.11645015250485818,-1.887309404109511,2.2328486912318906,3.0,True,True
62.05,Barito Utara,Kalimantan Tengah,Kalimantan,71.8,12.55,8.92,11150,5.67,0.89,4.71,73.32,75.34,72.31,162622,0.07835130816537195,-1.1764006625323724,0.9912423682445953,3.0,True,True
62.06,Katingan,Kalimantan Tengah,Kalimantan,66.52,12.99,8.95,11691,5.26,0.6,4.88,79.43,83.07,70.7,171856,0.2239758688903661,-0.8026895840092565,0.9148296941202182,3.0,True,True
62.07,Seruyan,Kalimantan Tengah,Kalimantan,69.72,12.04,8.01,10474,7.08,0.92,3.47,79.33,70.99,69.05,174314,-0.7873943345614477,-1.589497793868835,0.5309878229248844,3.0,True,True
62.08,Sukamara,Kalimantan Tengah,Kalimantan,72.15,12.17,8.18,9809,4.14,0.27,4.95,81.2,89.48,69.85,67806,0.5367475137006001,-1.680008676128453,0.17333811305181046,3.0,True,True
62.09,Lamandau,Kalimantan Tengah,Kalimantan,69.98,12.53,8.82,12278,3.25,0.61,3.17,79.34,70.34,72.25,103676,0.10911191848043475,-1.8353317810658427,0.7682522207202368,3.0,True,True
62.10,Gunung Mas,Kalimantan Tengah,Kalimantan,71.1,12.1,9.37,11902,5.68,0.48,3.12,84.83,64.49,72.73,145534,0.09722558880604885,-1.9675831855431403,0.7923414713033418,3.0,True,True
62.11,Pulang Pisau,Kalimantan Tengah,Kalimantan,68.74,12.52,8.42,11207,4.56,0.83,1.99,67.87,85.05,70.27,139508,-0.5070389984959487,-1.509082462144361,0.02848210224955898,3.0,True,True
62.12,Murung Raya,Kalimantan Tengah,Kalimantan,70.04,12.05,7.94,11503,6.58,1.04,2.9,63.69,60.7,70.03,118443,-1.256158015107246,-1.967922133264056,1.2660434775905052,3.0,True,True
62.13,Barito Timur,Kalimantan Tengah,Kalimantan,69.02,12.88,9.54,12576,6.66,0.93,3.26,91.74,72.46,73.26,118759,0.2979783186113761,-0.953696447056319,0.4072888718913842,3.0,True,True
62.71,Kota Palangka Raya,Kalimantan Tengah,Kalimantan,73.82,15.13,11.66,15188,3.52,0.42,5.02,91.96,99.46,82.2,310113,3.4399102672530906,0.2824728601788485,0.1977250679889724,4.0,True,True
63.01,Tanah Laut,Kalimantan Selatan,Kalimantan,70.31,12.43,7.94,12595,3.74,0.76,3.43,74.12,72.54,71.43,364982,-0.1741633712216456,-1.8581203701485052,0.7419801960028114,3.0,True,True
63.02,Kotabaru,Kalimantan Selatan,Kalimantan,69.93,12.08,7.56,12929,4.45,0.45,6.05,73.12,71.5,70.61,343684,0.05808211279650519,-1.8504777043275051,1.601137583471905,3.0,True,True
63.03,Banjar,Kalimantan Selatan,Kalimantan,68.26,13.04,7.95,13683,2.36,0.33,2.71,83.18,68.89,71.87,600639,0.2526222476428139,-2.1731499780263532,0.7253141632913275,3.0,True,True
63.04,Barito Kuala,Kalimantan Selatan,Kalimantan,67.07,12.56,7.92,11168,4.36,0.69,3.41,57.71,57.63,68.84,330990,-1.3135416465164846,-2.0567702728987305,2.0173133878777354,3.0,True,True
63.05,Tapin,Kalimantan Selatan,Kalimantan,71.35,12.34,8.15,13163,3.33,0.23,3.86,80.86,83.79,72.51,198870,0.7660645301001394,-2.0343931812477103,0.2736405140335686,3.0,True,True
63.06,Hulu Sungai Selatan,Kalimantan Selatan,Kalimantan,67.17,12.48,8.09,14150,3.38,0.34,2.11,84.45,69.89,71.21,238778,0.0043616413617490035,-2.282481491960873,0.47401192272484804,3.0,True,True
63.07,Hulu Sungai Tengah,Kalimantan Selatan,Kalimantan,67.12,12.31,8.35,13176,5.81,0.75,3.2,86.68,86.12,70.69,268754,0.06351627998614008,-1.2296528550637515,-0.10810269717493363,3.0,True,True
63.08,Hulu Sungai Utara,Kalimantan Selatan,Kalimantan,65.26,13.21,7.78,10981,5.75,0.54,3.73,97.7,85.99,68.28,237111,0.07284934351280624,-0.9626083913746526,-0.16933827240417415,3.0,True,True
63.09,Tabalong,Kalimantan Selatan,Kalimantan,71.46,12.92,9.15,13097,5.64,0.95,3.44,93.13,77.71,74.41,266885,0.7370323535366183,-1.0461176768250646,0.04729592018494847,3.0,True,True
63.10,Tanah Bumbu,Kalimantan Selatan,Kalimantan,71.11,12.61,8.43,13026,3.41,0.54,6.37,92.42,64.37,72.95,342363,0.8286368132395644,-1.5669987840798854,1.5420929158268357,3.0,True,True
63.11,Balangan,Kalimantan Selatan,Kalimantan,68.59,13.09,8.13,12325,4.87,0.85,2.69,96.06,84.75,71.34,138116,0.3483771917203956,-1.1301231562383538,-0.5267195463997856,3.0,True,True
63.71,Kota Banjarmasin,Kalimantan Selatan,Kalimantan,72.1,14.01,10.35,15714,4.58,0.49,6.56,87.56,99.53,79.05,668762,2.7504850619820203,0.05632928075955515,0.5852492811389658,4.0,True,True
63.72,Kota Banjar Baru,Kalimantan Selatan,Kalimantan,72.82,14.86,11.0,14927,3.79,0.45,4.93,89.54,76.06,80.51,273466,2.492856910186591,-0.39397005685891784,1.1971465237536367,4.0,True,True
64.01,Paser,Kalimantan Timur,Kalimantan,73.17,13.38,8.92,12181,8.63,0.86,4.53,85.95,72.31,74.7,286991,0.5936773973132032,-0.8288606956878533,0.697406893997961,3.0,True,True
64.02,Kutai Kartanegara,Kalimantan Timur,Kalimantan,72.94,13.65,9.27,12957,7.28,0.65,4.11,89.24,86.76,75.91,789767,1.320127394094863,-0.6414561539767335,-0.0003122981328386618,3.0,True,True
64.03,Berau,Kalimantan Timur,Kalimantan,72.59,13.37,9.57,14101,5.08,0.41,5.15,90.04,89.17,76.66,261833,1.887880095076163,-0.802490327196898,0.32391325855890235,4.0,True,True
64.07,Kutai Barat,Kalimantan Timur,Kalimantan,73.37,13.36,8.89,11903,9.56,1.18,5.58,94.28,85.92,74.5,178743,0.97708655532004,-0.08426807188605366,0.08165969773846188,3.0,True,True
64.08,Kutai Timur,Kalimantan Timur,Kalimantan,73.75,13.02,9.47,12490,8.81,1.14,5.76,89.51,73.58,75.53,462993,0.8656544262004685,-0.4433386930149156,0.8698469009250867,3.0,True,True
64.09,Penajam Paser Utara,Kalimantan Timur,Kalimantan,72.04,12.87,8.57,13100,6.69,0.72,2.05,88.69,84.25,73.9,267686,0.5526249829232028,-1.3895165339297308,-0.6114761888704452,3.0,True,True
64.11,Mahakam Ulu,Kalimantan Timur,Kalimantan,72.65,12.78,8.5,9126,10.75,1.64,2.51,75.8,52.45,70.35,34246,-1.416029920689867,-1.2704047075806648,0.9526078594061711,3.0,True,True
64.71,Kota Balikpapan,Kalimantan Timur,Kalimantan,75.1,14.25,10.99,16854,2.23,0.13,6.22,96.28,99.5,82.24,717231,3.898579970450604,-0.40744485679571624,0.32911797608725357,4.0,True,True
64.72,Kota Samarinda,Kalimantan Timur,Kalimantan,74.9,15.4,10.95,16160,4.3,0.54,5.75,94.8,97.5,82.81,858079,3.5861083207772526,0.40423836229164395,0.29353926635176963,4.0,True,True
64.74,Kota Bontang,Kalimantan Timur,Kalimantan,74.88,13.73,10.97,18394,3.74,0.31,7.06,90.47,99.73,82.42,188289,3.742895834245935,-0.19819503542920602,0.6711393000745656,4.0,True,True
65.01,Bulungan,Kalimantan Utara,Kalimantan,72.81,13.25,9.23,10581,8.76,1.4,4.33,94.91,73.67,73.34,160241,0.3543974248700051,-0.40768644299160817,0.2324151696757743,3.0,True,True
65.02,Malinau,Kalimantan Utara,Kalimantan,71.53,13.35,9.63,11190,6.94,0.57,3.1,89.29,72.6,73.9,86523,0.5748494269467509,-1.1388705619628487,0.3766542790645741,3.0,True,True
65.03,Nunukan,Kalimantan Utara,Kalimantan,71.44,12.69,8.39,8265,5.73,0.82,2.71,76.42,93.13,68.52,210937,-0.23802652451577247,-1.1373452338863677,-0.5840234014726928,3.0,True,True
65.04,Tana Tidung,Kalimantan Utara,Kalimantan,71.57,12.61,9.24,8707,4.47,0.48,3.67,96.03,94.4,70.08,28161,0.7992156502727572,-1.0870021276593262,-0.7437728046340021,3.0,True,True
65.71,Kota Tarakan,Kalimantan Utara,Kalimantan,74.11,14.22,10.37,12451,5.56,0.5,5.11,84.64,99.23,77.96,253916,2.242566738340176,-0.08474968601927202,0.0627029314566048,4.0,True,True
71.01,Bolaang Mongondow,Sulawesi Utara,Sulawesi,70.31,11.65,8.38,11507,7.74,0.79,4.48,79.01,90.16,70.29,257266,-0.05645677511880211,-1.1488261566442646,0.015506933356825792,3.0,True,True
71.02,Minahasa,Sulawesi Utara,Sulawesi,72.11,14.19,10.23,13681,6.53,1.38,7.22,89.37,91.5,77.74,353539,1.9644780494083514,0.7773082953147641,0.8559875035006411,4.0,True,True
71.03,Kepulauan Sangihe,Sulawesi Utara,Sulawesi,70.99,12.61,8.65,12409,10.84,0.92,2.5,82.68,91.96,72.71,142846,0.08506758359869526,-0.7647338561104539,-0.7191578011813585,3.0,True,True
71.04,Kepulauan Talaud,Sulawesi Utara,Sulawesi,71.21,12.67,9.96,9512,8.17,1.33,3.06,93.11,92.61,71.77,98297,0.3257364812060374,-0.2365220676320137,-0.8273936366509831,3.0,True,True
71.05,Minahasa Selatan,Sulawesi Utara,Sulawesi,70.94,13.02,9.43,12529,8.97,0.79,4.79,90.25,96.16,74.17,241261,1.0851006823314715,-0.19100059933320687,-0.24380881505541807,3.0,True,True
71.06,Minahasa Utara,Sulawesi Utara,Sulawesi,72.27,13.08,10.35,12412,6.95,0.73,6.73,86.72,97.29,75.89,233471,1.771789798717333,0.09957688875078491,0.4839660870855014,4.0,True,True
71.07,Minahasa Tenggara,Sulawesi Utara,Sulawesi,71.17,12.6,9.14,11511,11.72,1.53,2.76,93.12,93.41,72.66,120438,0.1032892138893483,-0.1404171315973912,-1.0863853023687233,3.0,True,True
71.08,Bolaang Mongondow Utara,Sulawesi Utara,Sulawesi,68.56,12.39,8.61,10170,7.88,0.99,4.1,72.1,91.14,69.32,87197,-0.42327238566350434,-0.6723963196919077,0.18361888093386336,3.0,True,True
71.09,Siau Tagulandang Biaro,Sulawesi Utara,Sulawesi,71.87,12.04,9.43,9062,8.32,1.06,1.94,96.56,97.34,70.31,73922,0.1508052041470398,-0.790623749244706,-1.613144373993598,3.0,True,True
71.10,Bolaang Mongondow Timur,Sulawesi Utara,Sulawesi,68.73,11.91,8.29,10191,5.87,0.54,5.35,74.08,94.1,68.53,92219,-0.030881780423363085,-1.0999916705123525,0.3866264873796094,3.0,True,True
71.11,Bolaang Mongondow Selatan,Sulawesi Utara,Sulawesi,65.11,12.34,8.28,10114,11.33,1.34,2.51,73.31,89.09,67.14,72900,-1.4000053049974914,-0.45389243344456565,-0.21464091702678803,2.0,True,True
71.71,Kota Manado,Sulawesi Utara,Sulawesi,72.78,14.2,11.46,15301,5.43,1.0,8.73,92.74,97.28,80.63,460427,3.1310303254472824,1.0704390436780988,1.1888404088125193,4.0,True,True
71.72,Kota Bitung,Sulawesi Utara,Sulawesi,71.95,12.67,9.96,13539,6.27,1.11,7.51,91.73,95.31,75.71,234966,1.7385963744688369,0.17822462377473253,0.565144687275453,4.0,True,True
71.73,Kota Tomohon,Sulawesi Utara,Sulawesi,73.17,14.38,11.03,13045,5.38,0.8,7.79,95.89,98.21,78.89,103954,2.850263626666271,0.8055837603473882,0.6902680337615381,4.0,True,True
71.74,Kota Kotamobagu,Sulawesi Utara,Sulawesi,71.63,13.05,10.35,12074,5.12,0.5,5.72,74.15,97.37,75.27,129074,1.4837019366158908,-0.3903435200327629,0.6409598085931871,3.0,True,True
72.01,Banggai,Sulawesi Tengah,Sulawesi,71.09,13.35,8.81,10772,6.56,0.86,3.11,83.18,90.98,72.32,377603,0.43069240833517825,-0.7150627608163409,-0.38438608423019216,3.0,True,True
72.02,Poso,Sulawesi Tengah,Sulawesi,71.34,13.75,9.54,9948,14.23,1.97,1.77,92.08,95.18,72.87,254060,-0.07466673279552366,0.6039832568551886,-1.406717281075371,3.0,True,True
72.03,Donggala,Sulawesi Tengah,Sulawesi,68.01,12.62,8.0,9117,15.3,3.0,2.79,65.14,89.41,67.45,310998,-2.013482414606321,0.4304964417638363,-0.31480522959189194,2.0,True,True
72.04,Toli-Toli,Sulawesi Tengah,Sulawesi,67.03,13.17,8.91,8918,12.45,1.73,3.11,67.4,73.05,68.37,233898,-1.575061525031965,-0.11925587757692854,0.810261155298688,2.0,True,True
72.05,Buol,Sulawesi Tengah,Sulawesi,69.99,13.18,9.2,9051,13.08,2.2,3.13,76.52,80.61,70.28,152355,-1.007627796370401,0.2575195091705142,0.04339761372983312,2.0,True,True
72.06,Morowali,Sulawesi Tengah,Sulawesi,69.41,13.39,9.38,12281,11.55,1.79,2.84,75.16,88.92,73.54,173313,-0.21478878643870475,0.20268219616609864,-0.14241367605660937,3.0,True,True
72.07,Banggai Kepulauan,Sulawesi Tengah,Sulawesi,67.08,13.11,8.7,8375,12.32,1.26,1.55,79.52,95.78,67.43,124576,-1.0290397333342671,-0.12168567572072299,-1.0049159412319835,2.0,True,True
72.08,Parigi Moutong,Sulawesi Tengah,Sulawesi,64.66,12.52,8.05,10846,14.2,3.36,2.1,69.14,81.69,67.49,459781,-2.290700887227977,0.3024134565061971,-0.09485469671130478,2.0,True,True
72.09,Tojo Una-Una,Sulawesi Tengah,Sulawesi,66.6,12.43,8.56,8863,16.36,2.04,2.47,71.02,95.08,66.97,170815,-1.7483603287246,0.37575305114868796,-0.6506718328934974,2.0,True,True
72.10,Sigi,Sulawesi Tengah,Sulawesi,70.48,13.13,9.04,9254,12.06,2.52,2.55,72.2,78.34,70.51,269963,-1.2112324490763076,0.07200052804138443,0.03832854009673244,2.0,True,True
72.11,Banggai Laut,Sulawesi Tengah,Sulawesi,66.31,13.04,8.65,8776,13.78,1.76,3.6,68.78,85.95,67.43,74019,-1.4809523352903342,0.28924395703629224,0.31325886425369626,2.0,True,True
72.12,Morowali Utara,Sulawesi Tengah,Sulawesi,70.06,12.44,9.13,10032,11.95,1.89,2.38,89.92,84.58,70.58,127865,-0.6722562918891525,-0.21170235068919221,-0.7629701114966948,3.0,True,True
72.71,Kota Palu,Sulawesi Tengah,Sulawesi,71.56,16.52,11.75,15941,5.94,0.65,5.63,89.49,99.25,82.88,392507,3.4828330057381245,1.3075658053192236,0.6666763186457141,4.0,True,True
73.01,Kepulauan Selayar,Sulawesi Selatan,Sulawesi,69.26,12.84,8.49,10235,10.79,1.62,2.05,89.39,95.23,70.03,142701,-0.4560402604496976,-0.19628286659218872,-1.2576615421183324,3.0,True,True
73.02,Bulukumba,Sulawesi Selatan,Sulawesi,69.0,13.45,8.52,11807,6.71,0.85,2.23,88.66,86.77,71.97,454719,0.23447088879609324,-0.8680025127412236,-0.5160772473186688,3.0,True,True
73.03,Bantaeng,Sulawesi Selatan,Sulawesi,71.3,12.79,7.26,12719,8.26,0.89,2.57,77.94,97.02,71.48,205418,0.04999253094120145,-1.103837733946775,-0.8946651416348482,3.0,True,True
73.04,Jeneponto,Sulawesi Selatan,Sulawesi,67.16,12.14,7.01,10158,11.82,1.48,2.47,87.2,97.43,66.38,418969,-1.1666529969365227,-0.540685159369075,-1.3086960529687923,3.0,True,True
73.05,Takalar,Sulawesi Selatan,Sulawesi,68.11,12.5,7.73,11679,7.75,1.22,3.84,96.25,98.34,69.47,317017,0.09543049315679568,-0.47628383483355113,-0.9876591827904715,3.0,True,True
73.06,Gowa,Sulawesi Selatan,Sulawesi,71.06,13.71,8.53,10700,6.85,0.67,3.91,98.42,94.88,72.26,814041,1.010481337230194,-0.48832923015469165,-0.7338549125371868,3.0,True,True
73.07,Sinjai,Sulawesi Selatan,Sulawesi,68.13,13.27,7.82,10665,7.82,1.16,1.52,86.14,90.69,69.52,270434,-0.4657903124023076,-0.7859970130099689,-0.9834329563522626,3.0,True,True
73.08,Bone,Sulawesi Selatan,Sulawesi,68.1,13.02,7.55,10084,9.58,1.14,2.28,97.54,91.8,68.36,830119,-0.4163983258770453,-0.6186611619773936,-1.2370227510281646,3.0,True,True
73.09,Maros,Sulawesi Selatan,Sulawesi,69.68,13.51,8.05,12209,9.32,1.06,4.34,94.68,91.34,72.11,413594,0.5207967488845899,-0.2079497543888893,-0.40986026702941686,3.0,True,True
73.10,Pangkajene dan Kepulauan,Sulawesi Selatan,Sulawesi,67.59,12.81,8.47,12643,12.41,1.78,3.99,94.51,95.07,71.22,359163,-0.08434863355740152,0.3411151697698187,-0.7162897534325833,3.0,True,True
73.11,Barru,Sulawesi Selatan,Sulawesi,69.73,13.63,8.8,12058,8.31,1.11,6.42,96.21,98.26,73.06,189214,1.1947980363050408,0.4385739359431888,-0.027616348323547833,3.0,True,True
73.12,Soppeng,Sulawesi Selatan,Sulawesi,70.79,13.22,8.45,10547,6.9,0.79,3.33,95.44,95.09,71.39,239355,0.6267325622749682,-0.6680543656612556,-0.9016793414390198,3.0,True,True
73.13,Wajo,Sulawesi Selatan,Sulawesi,68.32,13.32,7.46,13608,6.47,1.02,2.31,95.93,91.39,71.52,389052,0.3325334700106787,-0.8906246476530562,-0.9921999331775642,3.0,True,True
73.14,Sidenreng Rappang,Sulawesi Selatan,Sulawesi,71.03,13.03,8.21,13209,5.02,0.51,3.02,98.32,96.78,73.21,330742,1.2054367886729307,-1.174510542515336,-1.0607971057340504,3.0,True,True
73.15,Pinrang,Sulawesi Selatan,Sulawesi,70.65,13.28,8.53,13010,8.55,1.37,3.12,92.74,90.47,73.55,424646,0.498780347433809,-0.34003950653866427,-0.7056178458479673,3.0,True,True
73.16,Enrekang,Sulawesi Selatan,Sulawesi,71.51,13.88,9.11,12138,11.25,1.89,1.51,96.63,83.34,74.61,238099,0.1754093917516005,-0.002432615867583591,-1.0315097800615836,3.0,True,True
73.17,Luwu,Sulawesi Selatan,Sulawesi,71.23,13.43,8.81,11121,11.7,2.05,4.14,92.91,82.05,72.79,384280,-0.017118135989679126,0.2796606294471174,-0.192691745178305,3.0,True,True
73.18,Tana Toraja,Sulawesi Selatan,Sulawesi,74.23,14.1,8.77,8319,10.79,1.26,3.98,90.74,66.5,71.67,292422,-0.052640324436424545,-0.4095073948803763,0.4474387456780164,3.0,True,True
73.22,Luwu Utara,Sulawesi Selatan,Sulawesi,69.67,12.61,8.37,12866,11.24,2.1,2.39,97.14,88.12,72.07,337655,-0.2447063427849721,-0.18606912350529148,-1.1182169175178374,3.0,True,True
73.24,Luwu Timur,Sulawesi Selatan,Sulawesi,71.42,13.18,8.94,13867,6.55,1.31,4.58,89.65,88.27,74.95,312731,0.9724501875420599,-0.33487757948140445,-0.015156875081730074,3.0,True,True
73.26,Toraja Utara,Sulawesi Selatan,Sulawesi,74.0,13.43,8.54,9292,10.73,1.21,2.44,92.86,70.34,71.85,277791,-0.2232257348866562,-0.8744404618888592,-0.29738140661385043,3.0,True,True
73.71,Kota Makasar,Sulawesi Selatan,Sulawesi,72.78,15.62,11.57,18386,4.97,0.81,9.71,93.92,98.57,83.9,1464637,4.240724839811341,1.570142140590334,1.6707649096489803,4.0,True,True
73.72,Kota Parepare,Sulawesi Selatan,Sulawesi,71.98,14.55,10.88,14928,5.27,0.72,5.23,96.7,99.53,79.64,160920,2.763475136979066,0.4218311085337093,-0.03538523881244846,4.0,True,True
73.73,Kota Palopo,Sulawesi Selatan,Sulawesi,71.6,15.13,11.16,14369,7.35,0.94,7.64,96.57,99.26,79.94,195666,2.958245456044272,1.3742571704515936,0.732722790736007,4.0,True,True
74.01,Kolaka,Sulawesi Tenggara,Sulawesi,71.56,13.04,9.38,13534,11.67,1.78,2.59,94.03,93.67,75.18,248763,0.5265407830756322,0.11176058349845013,-1.0958247397909038,3.0,True,True
74.02,Konawe,Sulawesi Tenggara,Sulawesi,70.52,13.05,9.69,11415,13.25,2.33,2.95,90.7,86.53,73.39,274071,-0.19481708559105312,0.4778046874044638,-0.6208858849550488,3.0,True,True
74.03,Muna,Sulawesi Tenggara,Sulawesi,70.67,14.17,8.71,9107,13.78,1.87,3.78,85.32,97.66,71.05,227984,-0.12011362079356791,0.8904753855892136,-0.7412235995712084,2.0,True,True
74.04,Buton,Sulawesi Tenggara,Sulawesi,68.67,13.89,8.63,8401,13.99,1.68,2.95,81.22,97.21,68.88,122029,-0.6636114923503595,0.6485296745764957,-0.7867085075307267,2.0,True,True
74.05,Konawe Selatan,Sulawesi Tenggara,Sulawesi,71.1,12.79,8.76,10250,11.2,1.59,2.76,93.45,91.82,71.19,329210,-0.13512572872414672,-0.1732848641269133,-1.0828660914576653,3.0,True,True
74.06,Bombana,Sulawesi Tenggara,Sulawesi,69.49,11.91,8.1,9692,10.54,1.15,1.43,87.47,96.88,68.15,160654,-0.7616335097085442,-0.9346814791365601,-1.5633084964324242,3.0,True,True
74.07,Wakatobi,Sulawesi Tenggara,Sulawesi,70.87,13.53,8.53,10739,14.36,2.87,3.02,87.04,99.19,72.02,118259,-0.38217714808510056,0.9353751920265366,-1.2427578698959223,2.0,True,True
74.08,Kolaka Utara,Sulawesi Tenggara,Sulawesi,70.56,12.22,8.82,11650,13.51,2.65,1.64,92.38,94.08,71.7,148496,-0.6445249556423043,0.10437746290452342,-1.6154737535166546,3.0,True,True
74.09,Konawe Utara,Sulawesi Tenggara,Sulawesi,69.78,13.13,9.61,10658,13.17,2.52,2.4,84.58,85.87,72.32,73829,-0.6185095398267236,0.47056061821205236,-0.5769536848046876,2.0,True,True
74.10,Buton Utara,Sulawesi Tenggara,Sulawesi,71.09,13.32,9.24,8746,14.09,3.12,2.13,72.91,91.92,70.6,69799,-1.114033829879939,0.7309194231586861,-0.788869171456596,2.0,True,True
74.11,Kolaka Timur,Sulawesi Tenggara,Sulawesi,73.13,12.71,8.43,9012,13.71,1.87,2.15,94.72,96.35,70.27,127549,-0.3849056481795165,-0.0345107369870479,-1.7611467879165144,3.0,True,True
74.12,Konawe Kepulauan,Sulawesi Tenggara,Sulawesi,68.6,12.55,9.46,7996,15.54,2.78,1.51,74.55,96.42,67.99,39688,-1.5760862789414565,0.634195591481712,-1.1611478279937224,2.0,True,True
74.13,Muna Barat,Sulawesi Tenggara,Sulawesi,70.55,12.74,8.09,8458,13.38,2.08,2.06,74.6,95.52,68.06,90956,-1.263712581118439,-0.017769381725149736,-1.0960894825663285,2.0,True,True
74.14,Buton Tengah,Sulawesi Tenggara,Sulawesi,68.03,13.22,7.35,8434,14.4,1.82,2.84,87.71,97.67,66.47,121289,-1.136788969353381,0.29084229834213116,-1.2441334707503888,2.0,True,True
74.15,Buton Selatan,Sulawesi Tenggara,Sulawesi,67.97,13.36,7.75,8386,14.28,1.97,3.48,84.32,99.46,67.0,101194,-1.0010808489936465,0.6097466334636692,-0.9796336718120029,2.0,True,True
74.71,Kota Kendari,Sulawesi Tenggara,Sulawesi,74.23,16.92,12.55,15651,4.23,0.7,5.67,98.32,99.7,85.33,370764,4.265198658891063,1.4665078993177472,0.4096289888859195,4.0,True,True
74.72,Kota Baubau,Sulawesi Tenggara,Sulawesi,71.67,15.53,11.03,11755,7.4,1.61,3.99,96.43,100.0,78.13,168538,1.986765423662911,1.3304923221962774,-0.5364542972602472,4.0,True,True
75.01,Gorontalo,Gorontalo,Sulawesi,68.23,13.22,7.95,10645,16.43,3.41,2.64,82.32,96.2,69.66,409509,-1.2979510946880655,0.9896096136254049,-1.1287176832628036,2.0,True,True
75.02,Boalemo,Gorontalo,Sulawesi,70.11,12.49,7.31,10401,17.83,3.75,3.06,73.11,95.37,68.74,153274,-1.7806902084050298,0.7244478067689006,-0.9950350867319971,2.0,True,True
75.03,Bone Bolango,Gorontalo,Sulawesi,69.49,13.69,8.52,11717,14.8,2.86,3.76,79.99,96.05,72.38,170649,-0.479119482143595,1.0838589370883804,-0.5679210860958536,2.0,True,True
75.04,Pohuwato,Gorontalo,Sulawesi,65.18,12.48,7.78,11618,17.11,2.89,3.12,82.04,96.2,68.02,153770,-1.5797406497141502,0.7884360038001272,-0.8603361627316798,2.0,True,True
75.05,Gorontalo Utara,Gorontalo,Sulawesi,66.95,12.5,7.4,10476,16.86,3.41,2.79,84.07,90.71,67.46,132784,-1.8515033151218567,0.6270832762840065,-0.979206297648873,2.0,True,True
75.71,Kota Gorontalo,Gorontalo,Sulawesi,73.55,14.59,10.41,13860,5.74,0.67,3.89,93.89,99.37,79.18,207808,2.4322417248203787,0.04981360742358254,-0.5101925922171835,4.0,True,True
76.01,Mamuju Utara / Pasangkayu,Sulawesi Barat,Sulawesi,67.66,12.09,8.13,12190,5.21,0.66,1.2,83.63,87.28,69.73,202860,-0.34996415239784906,-1.7729111368128225,-0.7488386115947927,3.0,True,True
76.02,Mamuju,Sulawesi Barat,Sulawesi,69.02,13.29,8.35,10440,7.15,1.12,2.77,81.46,84.36,70.4,297141,-0.29613629959219906,-0.7353843892851978,-0.1593994917277176,3.0,True,True
76.03,Mamasa,Sulawesi Barat,Sulawesi,71.58,12.6,8.13,8415,14.2,1.75,2.5,67.57,36.7,68.37,172923,-2.4792436732107612,-1.4444660609473454,1.7901863810093745,2.0,True,True
76.04,Polewali Mandar,Sulawesi Barat,Sulawesi,63.46,13.5,7.72,9536,15.66,3.09,3.1,87.73,83.6,66.22,501319,-1.8926971612523675,0.938967974219059,-0.34404879165936597,2.0,True,True
76.05,Majene,Sulawesi Barat,Sulawesi,62.89,13.72,9.46,10909,13.64,1.82,4.19,84.52,98.5,69.42,183869,-0.49469505706193384,1.2669661456955565,-0.1282650049396968,2.0,True,True
76.06,Mamuju Tengah,Sulawesi Barat,Sulawesi,69.68,12.68,7.94,9250,7.72,0.92,1.7,82.89,81.48,68.36,145120,-0.7774274314415334,-1.3561072119026338,-0.5531211082879965,3.0,True,True
81.01,Maluku Tengah,Maluku,Maluku,67.26,14.67,9.79,11183,17.67,4.0,6.5,81.6,93.4,73.21,440848,-0.24574935236003334,2.6978119456002436,0.5549900003336647,2.0,True,True
81.02,Maluku Tenggara,Maluku,Maluku,66.02,12.91,9.84,8553,21.22,2.65,5.68,76.42,93.48,68.24,126245,-1.3434665706731608,1.8965186617386955,0.3195148695489186,2.0,True,True
81.03,Maluku Tenggara Barat / Kepulauan Tanimbar,Maluku,Maluku,64.11,12.34,9.92,7091,23.66,4.23,4.24,89.21,92.89,64.83,130487,-2.217535154812404,2.25235504363825,-0.6039752116516418,2.0,True,True
81.04,Buru,Maluku,Maluku,67.21,13.24,9.02,11261,16.08,2.47,4.66,74.6,91.55,71.01,142304,-0.8421950303470307,1.119128449586135,0.19317779531526957,2.0,True,True
81.05,Seram Bagian Timur,Maluku,Maluku,60.8,12.92,9.0,10049,21.03,3.22,3.24,76.11,80.48,66.24,147139,-2.537890194081195,1.4340322399269472,0.33165392338237293,2.0,True,True
81.06,Seram Bagian Barat,Maluku,Maluku,62.9,13.7,9.59,9706,22.31,3.38,4.52,73.18,93.58,68.39,226044,-1.7550611500878766,2.3496845717694024,0.2287403871183136,2.0,True,True
81.07,Kepulauan Aru,Maluku,Maluku,63.76,12.37,9.21,8488,23.39,4.56,1.83,42.01,83.85,65.83,109159,-3.714249182576894,1.3985305800314591,0.4168117480518737,2.0,True,True
81.08,Maluku Barat Daya,Maluku,Maluku,63.7,12.71,9.13,7600,27.95,3.52,2.36,86.63,96.14,64.86,87197,-2.625213604865687,2.101615721883264,-1.283956842622486,2.0,True,True
81.09,Buru Selatan,Maluku,Maluku,67.15,12.85,8.48,8474,14.91,2.34,1.35,65.84,84.81,67.09,80842,-2.115706449545788,0.07765140351739887,-0.39546982540700026,2.0,True,True
81.71,Kota Ambon,Maluku,Maluku,71.62,16.08,12.24,15196,5.13,0.71,11.44,91.01,98.22,82.56,362639,4.155055489424279,2.1600946893873947,2.409748841359133,4.0,True,True
81.72,Kota Tual,Maluku,Maluku,67.01,14.02,10.67,8238,20.01,3.03,8.68,79.81,95.56,70.21,92744,-0.3144123655839856,2.987001508806156,1.173791968129733,2.0,True,True
82.01,Halmahera Barat,Maluku Utara,Maluku,67.13,13.25,8.59,8426,8.75,1.49,3.53,80.66,93.86,67.53,137805,-0.648086347338375,0.05305719013778435,-0.3320541096958926,2.0,True,True
82.02,Halmahera Tengah,Maluku Utara,Maluku,65.35,13.52,9.2,9140,10.71,1.73,3.43,82.69,89.34,68.45,61791,-0.7541641558139289,0.4859292547689406,-0.06988376210542667,2.0,True,True
82.03,Halmahera Utara,Maluku Utara,Maluku,70.35,13.69,8.67,8607,4.71,0.48,6.2,70.19,89.5,69.78,207739,0.49499366220361174,-0.571268459045934,1.0905700139735595,3.0,True,True
82.04,Halmahera Selatan,Maluku Utara,Maluku,66.71,13.04,8.42,8210,5.63,0.53,2.0,77.43,84.34,66.66,264926,-0.7216212536399981,-1.3227678703800103,-0.10434346439314454,3.0,True,True
82.05,Kepulauan Sula,Maluku Utara,Maluku,64.22,12.98,9.17,8020,7.96,1.01,2.57,83.72,85.2,65.99,109256,-0.9528423371514868,-0.4353719608683278,-0.06879205802247507,2.0,True,True
82.06,Halmahera Timur,Maluku Utara,Maluku,70.04,12.89,8.88,8999,11.91,1.49,4.32,82.26,71.17,69.58,98224,-0.8299424641723241,-0.3015235727173835,0.6715136752576492,3.0,True,True
82.07,Pulau Morotai,Maluku Utara,Maluku,68.39,13.02,7.73,7523,5.11,0.66,4.21,70.06,87.62,65.68,79660,-0.6560542323576456,-1.0797128157451459,0.42519671996571673,3.0,True,True
82.08,Pulau Taliabu,Maluku Utara,Maluku,63.05,12.88,7.99,7226,7.13,1.08,2.86,67.09,85.77,62.9,61368,-1.755401855198756,-0.6733879502554918,0.37040989676816477,2.0,True,True
82.71,Kota Ternate,Maluku Utara,Maluku,71.98,15.92,12.08,14731,3.14,0.78,6.42,98.53,97.91,82.12,214414,3.629250401162113,1.2025607048944837,0.6432938147580409,4.0,True,True
82.72,Kota Tidore Kepulauan,Maluku Utara,Maluku,70.22,14.49,10.12,9269,6.56,0.95,3.49,92.16,93.42,72.91,120439,0.9951257907832614,0.2194963448426605,-0.3769083125317565,3.0,True,True
91.01,Merauke,Papua Selatan,Papua,67.77,14.48,9.37,11077,10.19,1.98,5.07,82.05,75.52,72.73,239404,-0.08950038876763565,0.7416839553687807,1.077306622579015,2.0,True,True
91.02,Jayawijaya,Papua Pegunungan,Papua,60.65,12.85,5.99,8534,32.28,7.85,2.74,33.5,47.45,61.03,281090,-6.33202003925781,1.5346408424462623,2.073959120942161,1.0,True,True
91.03,Jayapura,Papua,Papua,68.08,14.59,10.57,10848,11.6,3.26,6.39,70.53,81.58,74.11,173281,-0.0745965826799276,1.8600521376389465,1.5501960407450188,2.0,True,True
91.04,Nabire,Papua Tengah,Papua,69.02,12.82,10.42,9856,24.0,5.85,4.1,93.23,87.49,71.77,175358,-1.3888978354680976,2.4967853544812835,-0.6843500095402356,2.0,True,True
91.05,Kepulauan Yapen,Papua,Papua,69.83,12.82,9.71,8409,25.69,7.32,5.0,57.14,76.77,69.65,118590,-2.7736576424880113,2.4544460324754893,0.8672161180977805,2.0,True,True
91.06,Biak Numfor,Papua,Papua,68.97,14.24,10.55,10600,23.46,6.22,6.86,93.89,87.17,73.98,141103,-0.5365376124319489,3.466242301527175,0.31532790578368414,2.0,True,True
91.07,Puncak Jaya,Papua Tengah,Papua,66.04,7.53,4.42,6091,35.94,9.81,0.43,9.64,88.9,51.78,235124,-8.191141572882367,0.12281228487951738,-0.9352096564185586,1.0,True,True
91.08,Paniai,Papua Tengah,Papua,67.38,10.54,4.81,7470,37.07,6.78,1.92,31.71,90.45,58.69,236534,-6.112671369905067,1.183580596177577,-0.8011247397366054,1.0,True,True
91.09,Mimika,Papua Tengah,Papua,73.06,13.16,10.72,12487,14.18,3.82,6.7,86.27,95.88,76.85,327777,0.7200069363464193,1.9105906345581447,0.132884265600462,4.0,True,True
91.10,Sarmi,Papua,Papua,67.38,12.38,9.61,7499,14.05,1.87,3.41,88.45,90.28,66.72,43092,-1.0769079229061607,0.4432783652110058,-0.5693819473495397,2.0,True,True
91.11,Keerom,Papua,Papua,67.44,12.52,8.58,9967,15.84,3.11,2.91,81.99,60.69,68.68,64179,-2.136323149366929,0.05501137626562369,0.5844840521870818,2.0,True,True
91.12,Pegunungan Bintang,Papua Pegunungan,Papua,65.17,7.01,3.51,6196,28.95,6.1,2.46,12.38,78.31,49.36,83333,-7.80425922766067,-1.115208286401466,0.18568189663612844,1.0,True,True
91.13,Yahukimo,Papua Pegunungan,Papua,66.55,8.05,4.35,5747,33.82,4.67,2.04,7.36,46.74,51.98,372397,-8.1729739753174,-1.3687508267260424,1.713505238682354,1.0,True,True
91.14,Tolikara,Papua Pegunungan,Papua,66.53,9.03,3.69,5653,31.22,2.79,0.5,,18.37,52.05,246375,,,,,True,False
91.15,Waropen,Papua,Papua,67.11,12.85,9.42,7569,29.85,6.16,3.21,78.31,93.47,66.92,35814,-2.774728581275387,2.806007564490383,-0.9647890382537675,2.0,True,True
91.16,Boven Digoel,Papua Selatan,Papua,61.21,11.67,9.42,8616,19.24,3.96,3.26,73.45,67.26,64.26,69035,-3.2845458881831195,0.873702247291347,0.8412714859235171,2.0,True,True
91.17,Mappi,Papua Selatan,Papua,66.01,11.29,7.16,7068,25.7,4.58,4.1,39.08,38.55,61.51,115102,-5.3181012893308175,0.03149288436936755,2.627567068830314,1.0,True,True
91.18,Asmat,Papua Selatan,Papua,59.36,9.71,5.82,6262,24.5,4.17,2.05,20.32,98.53,53.92,118534,-6.070048533275909,0.2653280847304267,-0.03605791727973224,1.0,True,True
91.19,Supiori,Papua,Papua,66.93,13.2,9.21,6474,37.72,12.81,5.6,79.06,68.84,65.15,24527,-4.052063972162521,4.109371069137551,0.47717691201117435,2.0,True,True
91.20,Mamberamo Raya,Papua,Papua,58.71,12.04,6.49,5298,30.29,3.37,1.05,43.19,62.23,55.0,39388,-6.108422210318616,0.5690012792822285,0.8713918584019279,1.0,True,True
91.21,Mamberamo Tengah,Papua Pegunungan,Papua,64.18,9.78,3.7,4943,35.27,5.1,0.54,,,50.72,53631,,,,,True,False
91.22,Yalimo,Papua Pegunungan,Papua,66.12,9.8,3.55,5226,30.02,9.19,0.43,31.4,44.58,51.85,108340,-8.02545425215636,-0.6396974337654459,0.581350491988653,1.0,True,True
91.23,Lanny Jaya,Papua Pegunungan,Papua,66.62,9.44,3.83,5026,34.12,6.73,0.25,3.07,,51.59,208536,,,,,True,False
91.24,Nduga,Papua Pegunungan,Papua,55.74,4.45,1.92,4597,36.28,5.42,0.07,5.09,16.73,36.3,113344,-12.079413469537103,-3.266059516166738,2.2943971062455457,1.0,True,True
91.25,Puncak,Papua Tengah,Papua,66.53,5.6,2.39,6363,37.49,5.98,0.0,,30.09,45.6,122592,,,,,True,False
91.26,Dogiyai,Papua Tengah,Papua,66.5,10.63,4.98,6755,30.03,6.1,3.27,17.89,70.66,57.68,125178,-6.297703322668295,0.42390893877875446,1.0790912992955015,1.0,True,True
91.27,Intan Jaya,Papua Tengah,Papua,66.18,7.7,3.28,6463,41.42,12.46,2.4,23.54,90.15,50.71,143853,-8.265688647627213,0.9794968646748933,-1.0812876449779303,1.0,True,True
91.28,Deiyai,Papua Tengah,Papua,66.07,9.86,3.29,5509,39.01,4.76,1.66,26.48,89.6,52.07,106496,-7.0830082042891735,0.3959010655862782,-0.865703196103692,1.0,True,True
91.71,Kota Jayapura,Papua,Papua,71.41,15.27,12.07,15408,10.72,2.35,8.29,88.12,96.86,81.67,420577,2.5812221309105334,2.538258137113652,1.2236187988990166,4.0,True,True
92.01,Sorong,Papua Barat Daya,Papua,67.12,14.08,8.74,8283,25.71,6.81,4.15,86.48,88.89,68.29,123136,-2.159443588530145,2.9823023030294458,-0.6224761462308861,2.0,True,True
92.02,Manokwari,Papua Barat,Papua,69.8,13.79,8.67,13008,18.45,3.3,5.34,89.13,84.4,73.83,204955,-0.35138221169077904,1.5337054935914498,0.10679813678258172,2.0,True,True
92.03,Fakfak,Papua Barat,Papua,69.16,14.79,9.32,8159,20.86,4.6,6.28,75.07,95.43,70.39,90171,-0.9450040284600189,2.9429282633468303,0.28146609858906046,2.0,True,True
92.04,Sorong Selatan,Papua Barat Daya,Papua,67.14,13.29,7.76,6928,17.83,3.85,2.81,43.19,57.76,64.5,56292,-3.6868380565422614,0.3140152200059419,1.6549869753899094,2.0,True,True
92.05,Raja Ampat,Papua Barat Daya,Papua,65.56,12.12,8.4,8761,15.83,3.1,4.39,65.37,88.48,65.86,70061,-2.198044129652527,0.7591852838271717,0.29965529616030573,2.0,True,True
92.06,Teluk Bintuni,Papua Barat,Papua,62.04,12.62,8.67,10592,26.99,6.5,3.16,75.77,89.9,66.75,91064,-3.0998566141107347,2.5222871729246186,-0.489414210046588,2.0,True,True
92.07,Teluk Wondama,Papua Barat,Papua,61.08,11.91,7.38,8887,28.47,4.68,2.39,61.17,30.49,62.36,45561,-5.436023359244221,0.3399744953848732,2.159518760705836,1.0,True,True
92.08,Kaimana,Papua Barat,Papua,65.86,12.51,8.97,9242,14.41,3.17,4.96,80.64,85.15,67.6,66655,-1.4834880863222943,0.9933949255628077,0.2916568927297953,2.0,True,True
92.09,Tambrauw,Papua Barat Daya,Papua,61.35,12.45,5.89,5489,29.88,4.55,1.52,85.56,57.96,56.32,31354,-5.187706738770203,0.8845400250564726,-0.2782498433420665,1.0,True,True
92.10,Maybrat,Papua Barat Daya,Papua,65.97,13.51,7.44,5824,29.18,4.48,3.56,67.29,45.05,61.83,47542,-4.377647988159656,1.2598061564511935,1.5253028343184192,2.0,True,True
92.11,Manokwari Selatan,Papua Barat,Papua,68.26,12.78,7.17,6139,26.83,5.17,2.54,91.74,83.12,62.45,38820,-3.158872286569768,1.607125639152289,-1.3929845483747891,2.0,True,True
92.12,Pegunungan Arfak,Papua Barat,Papua,67.84,11.8,5.72,5722,31.76,5.54,0.31,49.9,72.5,58.73,41470,-5.543573612361738,0.6494577930191398,-0.7260698957269357,1.0,True,True
92.71,Kota Sorong,Papua Barat Daya,Papua,71.97,14.43,11.57,14368,13.67,3.07,9.85,83.69,88.99,79.93,298742,1.7779174600859984,2.6375059396496576,1.8598294398906594,4.0,True,True
